kód obce,název obce,okrsek,volièi v seznamu,vydané obálky,platné hlasy,Strana zelených,Švýcarská demokracie,VOLNÝ blok,Svoboda a pø. demokracie (SPD),Èeská str.sociálnì demokrat.,Volte Pr.Blok www.cibulka.net,ALIANCE NÁRODNÍCH SIL,Trikolora Svobodní Soukromníci,Aliance pro budoucnost,Hnutí Prameny,Levice,PØÍSAHA Roberta Šlachty,"SPOLU – ODS, KDU-ÈSL, TOP 09",SENIOØI 21,Urza.cz: Nechceme vaše hlasy,Koruna Èeská (monarch.strana),PIRÁTI a STAROSTOVÉ,Komunistická str.Èech a Moravy,ANO 2011,Otevøeme ÈR normálnímu životu,Moravané
500054,Praha 1,1000,475,474,471,8,1,7,27,9,0,2,20,0,1,0,6,216,0,1,2,143,7,21,0,0,-
500054,Praha 1,1001,679,515,510,14,2,7,20,8,0,0,13,0,0,1,4,232,0,1,0,145,6,57,0,0,-
500054,Praha 1,1002,1 005,726,720,8,1,6,26,21,0,0,14,0,0,0,13,343,2,2,4,205,5,70,0,0,-
500054,Praha 1,1003,755,591,581,6,2,6,13,8,0,0,15,0,2,0,8,302,2,0,2,161,7,47,0,0,-
500054,Praha 1,1004,785,559,551,12,0,2,20,15,1,0,16,3,0,0,9,282,2,0,1,137,3,47,0,1,-
500054,Praha 1,1005,615,470,470,6,0,10,15,18,0,0,15,2,1,0,10,211,0,0,1,115,7,55,4,0,-
500054,Praha 1,1006,1 301,974,957,21,4,6,25,31,1,0,16,0,0,1,14,458,1,1,1,271,12,93,1,0,-
500054,Praha 1,1007,1 032,709,693,11,3,7,22,20,0,0,11,0,1,1,17,347,0,0,1,157,14,81,0,0,-
500054,Praha 1,1008,835,604,599,11,1,1,19,13,2,0,16,2,1,0,11,302,1,1,6,134,5,70,2,1,-
500054,Praha 1,1009,903,605,603,4,3,2,21,13,0,0,24,0,0,0,6,308,2,0,1,153,7,58,1,0,-
500054,Praha 1,1010,503,366,363,7,0,3,9,11,0,1,7,0,2,0,10,171,3,1,1,86,3,46,0,2,-
500054,Praha 1,1011,1 624,959,946,11,4,6,32,25,1,1,30,1,3,0,26,460,3,0,1,199,18,124,1,0,-
500054,Praha 1,1012,792,533,532,10,1,4,20,10,0,0,9,1,0,0,7,266,2,0,4,110,6,81,1,0,-
500054,Praha 1,1013,527,368,364,4,1,2,14,6,0,0,3,1,0,0,7,194,0,0,1,90,1,40,0,0,-
500054,Praha 1,1014,1 309,901,885,11,3,4,36,55,0,0,23,2,5,0,25,343,0,0,1,240,17,117,3,0,-
500054,Praha 1,1015,1 395,884,877,11,3,6,36,28,1,0,20,2,1,0,24,430,1,0,3,190,13,107,1,0,-
500054,Praha 1,1016,833,549,543,7,1,13,24,15,0,0,16,0,2,0,11,274,1,0,3,120,7,49,0,0,-
500054,Praha 1,1017,935,614,605,8,1,6,30,21,0,0,23,5,0,1,9,233,0,1,0,160,16,90,1,0,-
500054,Praha 1,1018,1 052,705,685,6,1,2,19,21,0,0,15,1,2,0,21,317,1,1,1,178,8,91,0,0,-
500054,Praha 1,1019,1 072,732,724,9,1,2,21,20,0,0,18,1,0,1,24,331,0,0,0,188,14,91,3,0,-
500054,Praha 1,1020,1 878,705,694,8,0,5,35,20,0,2,25,1,3,1,16,317,0,0,5,190,9,57,0,0,-
500054,Praha 1,1021,1 144,804,798,14,2,7,25,25,0,1,32,0,1,0,15,364,1,0,0,226,3,80,2,0,-
500224,Praha 10,10001,477,343,340,3,1,1,13,8,1,0,9,0,0,0,9,144,0,1,0,118,1,29,2,0,-
500224,Praha 10,10002,485,372,371,3,2,2,7,9,1,0,9,0,0,0,8,130,0,1,4,158,3,34,0,0,-
500224,Praha 10,10003,624,443,440,2,3,3,17,6,0,1,8,0,1,0,12,207,0,0,0,130,4,45,1,0,-
500224,Praha 10,10004,658,484,481,6,0,5,10,7,1,0,8,0,2,0,10,229,0,0,0,142,5,56,0,0,-
500224,Praha 10,10005,817,620,607,5,2,4,28,38,0,0,15,1,0,0,13,207,0,0,1,151,26,116,0,0,-
500224,Praha 10,10006,597,431,427,3,0,1,28,19,1,0,9,0,0,0,16,172,1,1,0,83,7,86,0,0,-
500224,Praha 10,10007,638,456,453,3,1,3,25,32,0,0,16,1,0,0,17,152,2,0,2,89,16,91,2,1,-
500224,Praha 10,10008,703,514,506,2,2,8,25,23,0,0,8,1,0,0,12,186,0,0,1,97,16,125,0,0,-
500224,Praha 10,10009,999,719,714,3,3,6,26,27,1,0,12,0,0,0,18,311,1,1,0,163,13,126,2,1,-
500224,Praha 10,10010,634,419,413,2,2,1,35,18,0,0,6,1,1,0,7,151,0,0,2,81,13,92,1,0,-
500224,Praha 10,10011,631,423,415,5,2,4,23,17,0,0,15,0,1,0,27,140,1,0,2,78,11,87,2,0,-
500224,Praha 10,10012,1 123,792,785,6,1,7,51,51,1,0,21,1,1,0,27,299,0,1,4,127,17,168,2,0,-
500224,Praha 10,10013,636,456,449,3,3,2,21,12,1,1,15,1,0,0,15,168,1,1,1,86,10,107,1,0,-
500224,Praha 10,10014,349,256,253,0,5,0,5,28,2,0,1,0,0,1,5,56,1,0,0,14,20,114,0,1,-
500224,Praha 10,10015,1 347,1 026,999,6,2,6,43,33,2,2,24,0,0,0,33,511,1,1,2,166,16,150,1,0,-
500224,Praha 10,10016,955,731,725,2,2,3,43,30,3,0,18,0,0,0,21,281,1,1,1,172,22,124,1,0,-
500224,Praha 10,10017,1 211,865,859,6,1,4,33,26,0,0,27,1,2,2,19,409,0,1,3,164,7,154,0,0,-
500224,Praha 10,10018,723,483,471,6,0,7,14,23,2,1,10,0,4,0,7,181,0,0,1,136,7,69,2,1,-
500224,Praha 10,10019,768,577,572,2,3,1,25,24,0,1,17,1,1,0,17,220,1,0,1,136,14,107,1,0,-
500224,Praha 10,10020,675,448,444,1,3,1,21,28,0,1,10,0,2,0,16,154,0,1,2,95,12,95,2,0,-
500224,Praha 10,10021,611,420,420,4,3,4,32,23,0,1,20,3,1,0,20,147,1,0,0,79,3,79,0,0,-
500224,Praha 10,10022,645,420,416,5,2,7,21,20,0,0,11,1,0,0,11,169,0,0,0,92,7,69,0,1,-
500224,Praha 10,10023,755,483,478,7,1,5,21,16,0,1,9,1,3,0,18,201,0,1,1,91,10,91,1,0,-
500224,Praha 10,10024,734,563,559,3,2,5,29,18,1,0,10,1,2,1,17,226,0,0,0,160,12,71,1,0,-
500224,Praha 10,10025,700,530,528,2,3,3,20,18,0,1,18,2,2,0,13,233,1,1,1,96,10,98,5,1,-
500224,Praha 10,10026,612,423,418,3,0,6,19,9,2,0,13,2,0,0,16,155,1,0,1,110,10,70,1,0,-
500224,Praha 10,10027,656,400,394,3,0,8,26,9,2,0,17,0,1,0,14,148,0,0,0,100,5,56,0,5,-
500224,Praha 10,10028,648,432,431,3,0,2,21,14,0,0,13,0,0,0,15,190,0,0,0,107,5,59,1,1,-
500224,Praha 10,10029,638,432,429,6,2,5,9,15,0,0,11,0,0,1,17,168,0,0,0,92,7,95,1,0,-
500224,Praha 10,10030,757,602,601,5,2,3,35,29,0,1,22,0,0,0,27,231,1,0,0,136,17,90,2,0,-
500224,Praha 10,10031,725,569,564,5,1,2,19,27,0,0,13,1,1,0,21,223,0,1,0,148,12,88,2,0,-
500224,Praha 10,10032,840,578,568,6,1,2,24,23,2,0,11,3,0,0,21,194,0,1,1,116,19,144,0,0,-
500224,Praha 10,10033,830,613,610,3,5,6,38,22,0,3,18,2,2,0,21,228,0,0,0,130,10,122,0,0,-
500224,Praha 10,10034,816,573,569,4,0,5,34,20,1,0,16,0,0,0,18,225,0,0,4,130,22,87,3,0,-
500224,Praha 10,10035,770,601,600,3,0,2,29,24,0,0,17,0,0,0,17,248,0,0,0,156,14,88,2,0,-
500224,Praha 10,10036,699,509,501,7,1,4,28,21,0,0,12,0,1,1,13,215,0,0,0,107,5,86,0,0,-
500224,Praha 10,10037,610,406,405,4,1,5,15,19,0,0,11,0,0,0,15,155,2,0,0,102,6,69,1,0,-
500224,Praha 10,10038,782,504,500,5,1,10,37,18,0,0,6,0,2,0,20,211,0,0,0,102,12,73,3,0,-
500224,Praha 10,10039,893,678,670,4,0,6,28,27,0,1,11,2,2,0,11,308,0,0,0,145,6,117,2,0,-
500224,Praha 10,10040,752,552,538,5,2,7,27,18,0,0,11,0,0,0,16,235,0,0,0,114,15,85,3,0,-
500224,Praha 10,10041,626,434,432,6,1,0,24,23,0,0,12,0,0,0,11,169,0,0,1,85,5,94,1,0,-
500224,Praha 10,10042,650,486,483,8,1,3,23,23,1,0,11,1,0,0,18,188,0,1,1,111,19,73,1,0,-
500224,Praha 10,10043,841,604,599,10,3,5,22,20,2,4,20,0,4,1,14,234,1,0,1,137,17,101,3,0,-
500224,Praha 10,10044,850,630,624,4,0,2,27,16,0,3,24,0,0,1,18,286,2,0,0,115,15,110,1,0,-
500224,Praha 10,10045,722,511,509,3,0,0,16,31,0,0,18,1,0,2,22,186,0,1,1,82,9,134,1,2,-
500224,Praha 10,10046,568,404,402,3,0,5,16,25,0,1,9,1,0,0,18,156,0,2,0,86,8,71,0,1,-
500224,Praha 10,10047,653,504,503,5,1,3,24,16,0,0,8,0,4,0,8,176,0,0,1,82,19,154,2,0,-
500224,Praha 10,10048,890,650,645,7,4,3,35,40,1,0,19,0,1,0,28,262,1,0,2,114,12,116,0,0,-
500224,Praha 10,10049,726,530,524,4,4,2,25,19,0,0,14,1,0,0,14,206,0,0,0,120,15,98,2,0,-
500224,Praha 10,10050,720,487,482,9,0,3,28,19,0,0,15,0,3,0,13,200,1,0,1,106,13,70,1,0,-
500224,Praha 10,10051,690,502,501,3,1,1,25,21,0,1,8,0,0,0,14,229,2,0,0,86,12,98,0,0,-
500224,Praha 10,10052,890,654,650,6,0,4,26,33,0,0,22,0,0,1,16,280,2,0,1,125,12,120,1,1,-
500224,Praha 10,10053,815,578,574,4,1,1,17,25,1,0,14,1,0,0,12,269,0,1,1,120,13,92,2,0,-
500224,Praha 10,10054,811,553,548,3,2,2,32,19,1,1,11,0,2,0,25,191,1,0,0,116,20,120,2,0,-
500224,Praha 10,10055,633,429,426,7,0,0,18,20,0,0,10,1,1,0,12,170,0,0,0,84,11,90,2,0,-
500224,Praha 10,10056,615,430,428,4,2,1,20,22,1,2,4,0,0,0,17,160,0,0,4,97,12,79,3,0,-
500224,Praha 10,10057,815,573,571,1,2,6,21,16,0,1,17,1,2,0,11,278,1,0,2,141,1,70,0,0,-
500224,Praha 10,10058,667,442,438,2,1,2,22,23,0,1,11,1,0,0,19,140,0,1,1,93,11,110,0,0,-
500224,Praha 10,10059,1 084,826,821,7,1,6,43,30,5,0,28,7,0,0,33,323,3,1,0,174,17,140,3,0,-
500224,Praha 10,10060,654,432,428,8,2,4,27,25,0,1,18,1,3,0,13,151,0,0,0,81,8,84,2,0,-
500224,Praha 10,10061,625,422,419,3,3,6,17,18,0,2,9,0,0,0,16,148,0,0,0,81,12,103,1,0,-
500224,Praha 10,10062,584,397,391,2,1,5,20,14,0,0,6,0,0,1,13,137,1,0,1,100,8,80,2,0,-
500224,Praha 10,10063,1 017,772,766,8,1,10,41,36,2,0,15,1,0,1,30,294,2,1,2,162,16,138,3,3,-
500224,Praha 10,10064,782,543,540,9,1,7,30,16,1,0,16,0,1,0,12,226,1,0,1,109,12,97,1,0,-
500224,Praha 10,10065,1 120,775,769,3,1,5,39,43,1,0,18,2,0,0,22,310,0,1,1,157,12,151,3,0,-
500224,Praha 10,10066,710,494,492,8,0,8,25,26,0,0,15,0,1,2,7,199,1,1,0,70,16,111,2,0,-
500224,Praha 10,10067,1 007,705,699,7,2,4,32,28,0,2,19,2,0,0,26,280,0,0,3,130,17,141,5,1,-
500224,Praha 10,10068,1 256,846,839,2,5,2,29,41,1,0,16,1,2,1,34,365,0,2,0,187,14,135,2,0,-
500224,Praha 10,10069,653,450,445,0,0,7,19,19,0,1,18,3,0,1,23,139,2,0,1,83,40,86,2,1,-
500224,Praha 10,10070,754,536,535,5,0,7,23,26,0,0,8,1,0,0,30,184,0,0,0,122,26,102,1,0,-
500224,Praha 10,10071,726,487,480,4,0,5,25,24,0,0,14,0,4,1,22,145,1,1,0,111,18,103,2,0,-
500224,Praha 10,10072,691,447,441,1,2,2,35,13,2,1,12,0,0,0,26,170,0,0,1,90,10,75,1,0,-
500224,Praha 10,10073,853,590,589,6,0,2,28,25,1,0,19,0,0,1,20,221,1,1,2,155,15,90,2,0,-
500224,Praha 10,10074,615,417,413,5,3,2,13,14,1,1,5,0,0,0,13,140,0,1,0,127,7,78,3,0,-
500224,Praha 10,10075,598,389,384,8,2,0,29,12,1,0,5,0,0,0,15,145,1,0,0,103,7,54,2,0,-
500224,Praha 10,10076,634,426,425,4,3,0,22,13,1,0,10,2,0,0,16,168,1,0,0,96,9,78,2,0,-
500224,Praha 10,10077,874,634,632,5,3,2,29,32,1,0,10,1,1,0,19,239,0,0,0,159,16,111,3,1,-
500224,Praha 10,10078,634,450,447,6,0,1,13,7,0,0,9,1,0,0,17,194,0,0,0,145,2,45,6,1,-
500224,Praha 10,10079,493,327,322,2,0,1,9,7,1,0,10,1,0,0,7,126,0,1,1,124,1,31,0,0,-
500224,Praha 10,10080,501,342,336,3,0,3,13,9,0,0,6,0,0,0,7,155,2,0,1,88,3,46,0,0,-
500224,Praha 10,10081,628,410,406,9,3,5,21,18,1,0,6,1,1,0,11,176,2,0,3,103,2,44,0,0,-
500224,Praha 10,10082,499,344,342,7,2,1,10,9,0,0,6,0,0,0,3,152,1,1,0,102,7,41,0,0,-
500224,Praha 10,10083,492,323,319,1,0,4,18,12,0,0,7,0,0,0,5,110,0,0,0,123,5,33,1,0,-
500224,Praha 10,10084,620,430,429,9,1,3,13,12,1,1,11,2,0,0,23,181,0,0,1,105,4,59,2,1,-
500224,Praha 10,10085,559,391,384,9,0,0,20,8,0,0,15,1,0,0,10,156,0,1,0,122,4,38,0,0,-
500224,Praha 10,10086,685,477,474,7,0,2,21,12,0,0,13,1,0,0,16,202,0,0,0,133,10,55,2,0,-
500224,Praha 10,10087,584,382,377,3,0,3,32,18,0,0,13,1,0,0,8,136,0,1,0,100,5,55,1,1,-
500224,Praha 10,10088,492,325,321,2,0,4,11,16,0,0,9,1,0,0,2,140,0,1,1,84,4,46,0,0,-
500224,Praha 10,10089,638,424,423,7,2,0,22,11,0,1,14,2,0,0,12,159,0,1,1,131,3,56,1,0,-
500224,Praha 10,10090,623,423,421,1,3,1,14,11,0,0,5,0,1,0,12,182,0,0,0,129,7,55,0,0,-
500224,Praha 10,10091,605,468,465,2,0,2,14,17,1,0,9,0,2,0,14,194,0,0,1,149,8,52,0,0,-
500224,Praha 10,10092,572,390,384,5,1,0,13,19,0,0,12,0,0,0,9,149,0,0,0,118,8,49,1,0,-
500224,Praha 10,10093,585,382,376,6,0,2,14,17,0,1,8,0,0,0,16,144,1,0,1,114,5,47,0,0,-
500224,Praha 10,10094,644,464,462,5,0,2,17,26,0,0,8,0,1,1,11,188,0,2,0,113,9,79,0,0,-
500224,Praha 10,10095,560,385,382,3,0,4,20,17,0,0,12,1,0,0,14,144,1,0,0,90,10,65,0,1,-
500224,Praha 10,10096,635,457,451,7,0,3,15,25,0,0,13,1,1,0,15,180,0,0,2,108,3,78,0,0,-
500224,Praha 10,10097,637,459,456,3,1,4,25,22,0,0,13,0,1,0,18,168,0,0,0,92,10,99,0,0,-
500224,Praha 10,10098,705,488,472,8,3,0,24,20,3,1,20,2,1,0,12,166,0,0,0,132,9,68,2,1,-
500224,Praha 10,10099,545,425,422,5,0,3,26,19,0,2,11,0,2,2,13,156,0,0,1,103,9,69,1,0,-
500224,Praha 10,10100,568,404,402,1,1,0,10,21,0,0,6,0,1,0,15,177,0,0,1,96,7,66,0,0,-
500224,Praha 10,10101,672,485,476,3,0,2,15,14,0,0,13,0,1,0,13,207,1,1,0,102,9,94,1,0,-
500224,Praha 10,10102,613,450,448,10,1,1,16,17,0,0,11,0,0,0,23,175,1,0,0,96,12,85,0,0,-
500224,Praha 10,10103,599,431,428,6,1,3,22,25,2,1,15,0,0,0,15,126,0,0,1,120,8,81,1,1,-
500224,Praha 10,10104,685,447,442,1,0,3,19,18,0,0,17,0,0,0,18,164,0,0,0,103,10,89,0,0,-
500224,Praha 10,10105,537,383,381,1,1,4,24,23,0,0,17,2,0,0,15,141,1,0,0,71,8,72,1,0,-
500224,Praha 10,10106,606,442,437,3,0,2,15,16,0,0,7,1,0,0,7,176,1,0,0,116,19,74,0,0,-
500224,Praha 10,10107,829,597,577,8,0,10,42,28,1,0,19,2,1,0,17,217,0,1,2,136,6,86,1,0,-
500224,Praha 10,10108,852,587,581,8,1,2,23,19,1,0,8,2,3,0,20,248,0,0,0,110,10,125,1,0,-
500224,Praha 10,10109,2 737,407,400,2,2,18,37,9,0,0,10,0,2,1,13,158,1,0,1,93,6,47,0,0,-
547034,Praha 11,11001,895,622,608,6,0,12,43,32,0,0,17,2,0,0,17,226,0,0,0,99,19,134,1,0,-
547034,Praha 11,11002,761,527,521,2,2,0,37,29,0,0,10,1,0,0,18,170,3,0,0,99,25,123,2,0,-
547034,Praha 11,11003,776,560,555,6,1,3,32,32,1,0,7,0,1,0,31,159,1,1,0,85,7,188,0,0,-
547034,Praha 11,11004,915,639,628,7,1,4,33,32,0,0,24,0,0,1,20,198,0,0,1,129,4,170,4,0,-
547034,Praha 11,11005,1 001,746,737,4,2,7,31,29,1,1,16,1,0,0,37,302,1,1,3,129,16,150,6,0,-
547034,Praha 11,11006,850,639,631,4,3,2,39,33,0,0,15,1,0,0,27,207,0,1,1,107,29,158,4,0,-
547034,Praha 11,11007,796,544,532,3,3,3,32,18,1,0,18,0,1,0,19,170,0,0,2,86,8,166,1,1,-
547034,Praha 11,11008,819,551,535,2,2,7,35,33,0,1,13,0,0,0,34,170,1,0,1,87,13,133,1,2,-
547034,Praha 11,11009,787,562,558,4,1,0,29,39,0,1,6,0,2,0,19,165,0,0,0,118,17,156,0,1,-
547034,Praha 11,11010,794,556,551,15,2,7,28,34,3,0,11,0,0,0,34,175,0,0,3,83,28,128,0,0,-
547034,Praha 11,11011,822,603,599,8,4,6,27,36,0,0,10,0,0,0,21,166,0,0,2,112,9,196,0,2,-
547034,Praha 11,11012,889,666,658,2,3,5,26,22,1,0,21,1,0,0,22,224,2,0,0,160,14,154,1,0,-
547034,Praha 11,11013,884,643,640,9,2,5,24,33,0,0,14,4,0,0,26,204,2,1,0,111,30,173,1,1,-
547034,Praha 11,11014,708,436,417,8,0,3,32,25,0,0,9,0,1,0,23,120,1,0,3,52,17,120,2,1,-
547034,Praha 11,11015,2 622,1 003,993,6,5,9,46,41,0,2,25,0,1,0,38,378,4,1,6,228,20,178,4,1,-
547034,Praha 11,11016,1 032,833,832,5,1,5,34,29,0,2,27,3,0,0,30,350,0,1,1,193,16,133,1,1,-
547034,Praha 11,11017,941,648,643,1,1,4,37,44,2,7,15,1,0,0,26,203,0,1,0,109,11,176,4,1,-
547034,Praha 11,11018,822,513,509,4,3,8,30,19,1,0,7,1,0,0,30,148,0,1,0,76,14,163,4,0,-
547034,Praha 11,11019,801,547,544,3,2,2,29,31,0,0,8,0,1,0,38,178,0,0,3,73,14,160,2,0,-
547034,Praha 11,11020,784,536,532,6,7,5,25,25,0,1,15,2,1,0,20,168,2,0,1,85,27,141,1,0,-
547034,Praha 11,11021,955,674,647,3,5,6,29,36,0,1,18,2,0,0,30,220,3,0,2,106,23,161,1,1,-
547034,Praha 11,11022,833,554,549,7,3,7,40,20,1,1,7,1,0,0,17,173,1,0,1,107,10,148,4,1,-
547034,Praha 11,11023,733,507,502,4,0,2,28,21,0,0,11,2,0,0,19,169,0,0,0,80,12,153,1,0,-
547034,Praha 11,11024,743,536,533,0,2,5,26,21,1,0,19,1,0,0,22,175,0,0,3,90,29,136,3,0,-
547034,Praha 11,11025,779,516,512,5,0,1,36,28,1,0,11,1,0,0,19,185,0,0,0,79,16,130,0,0,-
547034,Praha 11,11026,862,602,595,8,0,1,34,39,0,1,6,0,0,0,26,173,1,0,0,101,24,177,2,2,-
547034,Praha 11,11027,860,619,616,4,0,2,44,29,1,0,10,2,0,1,29,218,1,1,2,84,29,158,1,0,-
547034,Praha 11,11028,833,541,539,5,1,3,38,29,1,0,8,0,0,0,24,164,1,1,0,101,19,140,3,1,-
547034,Praha 11,11029,810,545,538,4,3,2,36,34,1,2,5,2,0,0,22,172,0,1,0,83,12,156,3,0,-
547034,Praha 11,11030,785,576,567,3,0,5,19,38,0,1,10,0,1,0,30,181,2,0,3,103,16,151,2,2,-
547034,Praha 11,11031,804,576,570,6,3,1,30,23,0,0,16,1,0,3,26,201,1,1,1,106,16,134,0,1,-
547034,Praha 11,11032,806,543,534,3,4,9,37,30,1,1,21,1,1,0,19,183,3,0,4,84,7,123,3,0,-
547034,Praha 11,11033,754,554,544,6,0,6,40,20,1,1,13,2,0,0,26,167,1,2,1,102,17,138,1,0,-
547034,Praha 11,11034,879,622,617,3,0,2,32,41,1,0,17,3,0,0,31,170,0,0,1,123,34,159,0,0,-
547034,Praha 11,11035,900,592,589,8,2,7,29,31,0,1,11,1,0,0,24,167,1,1,0,92,24,180,10,0,-
547034,Praha 11,11036,842,583,582,3,2,10,31,39,0,0,9,0,0,1,31,144,2,0,1,107,37,160,4,1,-
547034,Praha 11,11037,843,627,620,13,1,7,27,32,0,0,13,0,1,0,37,183,0,0,0,116,32,153,5,0,-
547034,Praha 11,11038,747,527,526,3,1,5,21,45,0,0,7,2,0,0,22,179,1,1,1,88,15,133,2,0,-
547034,Praha 11,11039,750,502,494,2,4,8,31,33,1,0,13,1,0,0,22,163,1,0,1,72,14,127,1,0,-
547034,Praha 11,11040,699,522,517,7,3,0,29,29,0,0,8,2,0,0,27,153,2,0,1,80,28,145,3,0,-
547034,Praha 11,11041,904,602,599,3,1,8,26,22,0,1,8,4,1,0,26,245,1,0,0,107,18,124,4,0,-
547034,Praha 11,11042,915,687,677,1,5,0,22,43,1,0,10,1,2,0,19,250,9,0,1,107,34,168,3,1,-
547034,Praha 11,11043,919,672,668,7,3,5,39,38,0,1,25,0,0,0,23,244,1,0,1,105,22,151,3,0,-
547034,Praha 11,11044,897,638,634,6,3,6,24,37,1,0,21,1,0,0,38,217,1,0,1,100,12,163,2,1,-
547034,Praha 11,11045,981,729,719,3,4,14,35,20,2,0,23,2,1,0,38,300,1,0,5,115,5,148,2,1,-
547034,Praha 11,11046,886,691,680,6,2,1,46,31,2,0,17,0,1,0,31,275,1,1,5,109,11,137,4,0,-
547034,Praha 11,11047,762,530,523,7,3,4,35,34,0,0,10,1,2,0,26,162,2,0,2,86,15,128,5,1,-
547034,Praha 11,11048,772,564,559,5,1,3,26,39,0,0,13,1,0,0,18,154,2,0,2,103,23,168,0,1,-
547034,Praha 11,11049,809,601,590,6,0,5,28,22,1,0,16,0,0,0,17,247,1,1,1,123,5,117,0,0,-
547034,Praha 11,11050,950,761,755,6,1,7,36,23,0,1,24,0,1,0,35,330,0,0,0,176,11,102,2,0,-
547034,Praha 11,11051,857,588,581,6,3,8,31,21,2,2,15,0,0,0,35,165,1,1,3,107,17,160,4,0,-
547034,Praha 11,11052,953,667,660,7,1,5,35,34,1,1,13,0,1,0,32,225,0,0,0,121,25,157,2,0,-
547034,Praha 11,11053,809,571,569,6,1,2,35,32,1,0,17,1,0,0,24,182,0,1,1,93,18,154,1,0,-
547034,Praha 11,11054,970,727,721,7,0,9,59,43,0,1,12,1,0,0,27,234,0,1,1,150,26,148,2,0,-
547034,Praha 11,11055,878,613,603,4,0,9,40,32,0,0,10,1,0,1,24,208,0,0,2,123,12,134,3,0,-
547034,Praha 11,11056,873,640,632,8,1,5,35,37,0,0,20,0,2,0,31,213,1,1,0,117,12,146,3,0,-
547034,Praha 11,11057,842,614,608,4,3,3,23,25,1,0,15,0,0,0,30,209,2,0,0,141,21,129,2,0,-
547034,Praha 11,11058,832,647,645,2,0,9,49,25,2,0,13,1,0,0,28,238,1,0,1,136,18,122,0,0,-
547034,Praha 11,11059,939,695,690,2,0,12,32,33,1,0,13,0,0,0,29,277,2,0,0,152,14,123,0,0,-
547034,Praha 11,11060,971,746,731,8,2,3,34,33,0,0,30,0,2,1,30,255,0,0,0,168,13,148,2,2,-
547034,Praha 11,11061,1 131,892,881,8,3,5,45,34,0,0,15,0,1,0,29,370,2,0,2,186,10,167,2,2,-
547034,Praha 11,11062,1 025,797,793,4,1,3,42,23,2,1,17,1,0,1,35,340,1,1,0,179,9,131,2,0,-
547107,Praha 12,12001,915,752,733,9,7,2,30,31,0,1,17,0,0,0,28,279,1,1,3,141,27,155,1,0,-
547107,Praha 12,12002,818,663,656,10,5,10,24,24,0,0,21,0,1,1,19,264,2,0,1,99,26,149,0,0,-
547107,Praha 12,12003,1 056,878,875,8,2,2,44,21,0,1,29,0,1,0,26,422,1,0,0,155,8,148,6,1,-
547107,Praha 12,12004,958,773,766,6,4,6,40,26,0,1,20,4,1,0,25,318,2,0,1,172,13,122,5,0,-
547107,Praha 12,12005,1 182,896,887,8,0,1,54,29,1,2,22,1,2,0,36,390,1,1,1,191,14,126,5,2,-
547107,Praha 12,12006,2 396,1 011,998,10,1,11,41,37,1,0,23,2,2,0,38,428,2,0,1,229,19,150,3,0,-
547107,Praha 12,12007,870,721,717,5,0,3,27,29,1,1,16,0,3,0,15,326,0,1,2,136,11,141,0,0,-
547107,Praha 12,12008,887,662,659,2,1,5,28,32,1,0,19,0,3,0,34,272,1,0,0,146,16,97,2,0,-
547107,Praha 12,12009,873,685,677,7,1,8,36,40,0,2,20,0,1,0,26,259,1,0,0,170,8,96,2,0,-
547107,Praha 12,12010,885,658,656,6,4,6,30,18,0,0,15,2,0,0,34,256,0,0,0,150,16,112,5,2,-
547107,Praha 12,12011,933,676,668,1,3,9,39,25,0,1,25,2,4,0,48,236,0,2,0,140,24,109,0,0,-
547107,Praha 12,12012,962,695,691,12,3,3,37,31,1,0,25,0,1,0,37,279,0,2,4,128,5,118,4,1,-
547107,Praha 12,12013,1 041,798,791,8,4,5,30,19,0,1,19,2,1,2,36,365,0,0,0,164,11,124,0,0,-
547107,Praha 12,12014,1 003,747,747,9,4,3,27,48,2,1,23,1,0,0,36,289,2,2,4,136,15,141,3,1,-
547107,Praha 12,12015,608,485,481,2,0,8,37,15,0,0,14,2,1,0,15,196,1,0,4,78,22,84,2,0,-
547107,Praha 12,12016,630,502,496,6,0,4,29,21,0,0,12,0,0,0,16,221,1,0,0,101,8,75,2,0,-
547107,Praha 12,12017,805,554,547,4,2,1,27,26,2,0,15,2,0,0,35,214,0,2,2,115,6,93,1,0,-
547107,Praha 12,12018,761,589,585,6,0,3,30,33,0,0,12,2,1,0,27,223,5,0,0,121,21,100,1,0,-
547107,Praha 12,12019,763,562,558,1,0,4,35,19,0,0,15,3,0,0,14,213,1,2,1,126,4,117,2,1,-
547107,Praha 12,12020,729,552,549,4,1,3,19,48,0,0,15,0,1,0,19,203,1,1,0,109,21,102,0,2,-
547107,Praha 12,12021,726,497,492,10,5,7,32,27,0,0,9,0,0,0,19,145,0,1,0,121,12,100,2,2,-
547107,Praha 12,12022,788,586,581,10,1,7,34,45,2,0,12,0,1,0,25,198,1,2,0,101,12,130,0,0,-
547107,Praha 12,12023,805,568,564,7,2,5,32,34,0,0,17,2,3,0,17,181,0,0,3,112,11,138,0,0,-
547107,Praha 12,12024,730,514,510,5,0,0,30,36,0,1,2,1,0,0,23,165,1,0,0,88,17,139,2,0,-
547107,Praha 12,12025,662,427,423,4,0,4,26,24,0,0,4,3,2,0,19,131,2,0,2,78,8,112,3,1,-
547107,Praha 12,12026,716,522,519,3,2,5,30,23,0,0,9,1,0,0,22,195,0,1,0,88,17,120,2,1,-
547107,Praha 12,12027,781,567,565,1,0,5,29,39,0,0,14,0,2,0,31,206,3,2,1,105,10,115,1,1,-
547107,Praha 12,12028,591,431,428,3,2,4,26,15,1,0,15,2,0,0,22,144,0,0,0,66,13,114,1,0,-
547107,Praha 12,12029,758,527,522,1,1,1,35,25,0,1,11,1,1,0,36,144,1,0,1,78,52,130,2,1,-
547107,Praha 12,12030,773,556,545,3,2,2,31,28,0,0,13,0,1,0,29,194,1,0,0,98,26,116,1,0,-
547107,Praha 12,12031,691,483,474,3,1,4,21,24,0,0,6,1,1,0,30,161,2,0,0,59,15,146,0,0,-
547107,Praha 12,12032,667,482,480,6,0,0,28,25,0,1,21,0,1,0,21,138,3,1,2,77,26,128,2,0,-
547107,Praha 12,12033,686,481,477,3,1,2,23,33,0,0,10,0,0,0,21,119,1,0,0,63,40,158,3,0,-
547107,Praha 12,12034,683,540,536,2,3,6,30,31,0,1,22,1,0,0,23,171,1,0,1,81,27,130,6,0,-
547107,Praha 12,12035,697,475,469,3,2,2,35,26,1,0,12,1,0,0,19,147,2,1,0,71,10,137,0,0,-
547107,Praha 12,12036,778,545,541,4,1,5,20,41,2,0,9,1,0,0,21,171,2,0,0,77,33,154,0,0,-
547107,Praha 12,12037,762,527,525,6,1,7,25,23,1,0,8,1,3,0,27,177,0,0,1,67,30,147,1,0,-
547107,Praha 12,12038,735,499,487,6,2,4,30,39,1,0,11,1,0,0,22,146,0,0,0,90,18,116,1,0,-
547107,Praha 12,12039,794,560,556,8,4,0,18,30,2,0,9,0,0,0,23,193,3,0,2,114,12,136,2,0,-
547107,Praha 12,12040,729,530,526,4,1,9,35,26,0,0,9,0,0,0,18,168,0,1,1,98,26,128,2,0,-
547107,Praha 12,12041,670,494,490,6,3,4,32,19,0,1,10,1,0,0,14,192,0,0,0,64,15,128,1,0,-
547107,Praha 12,12042,712,522,514,3,1,6,21,26,0,1,12,0,1,0,23,188,1,0,2,104,8,116,1,0,-
547107,Praha 12,12043,695,487,486,11,0,7,21,15,2,1,13,2,0,0,20,169,0,1,3,82,21,115,3,0,-
547107,Praha 12,12044,649,445,442,2,1,0,28,24,0,0,10,0,0,0,29,148,2,0,0,67,10,120,1,0,-
547107,Praha 12,12045,671,451,448,4,2,2,19,33,0,0,14,0,0,0,11,155,0,1,0,75,18,112,0,2,-
547107,Praha 12,12046,751,506,503,3,0,3,18,28,1,0,12,0,0,0,23,156,0,2,0,97,19,140,1,0,-
547107,Praha 12,12047,697,473,470,2,2,5,12,22,1,1,14,1,2,0,36,131,1,0,1,83,22,129,5,0,-
547107,Praha 12,12048,836,577,570,4,2,4,46,31,0,0,4,0,1,1,36,189,1,0,1,87,14,147,2,0,-
547107,Praha 12,12049,846,592,585,7,0,1,45,22,1,0,23,3,1,0,32,193,0,0,0,103,17,137,0,0,-
547107,Praha 12,12050,882,647,642,6,2,2,35,25,0,2,17,0,0,0,21,221,1,0,1,104,20,182,3,0,-
539694,Praha 13,13001,917,655,646,6,3,8,43,27,0,3,25,2,0,0,31,234,2,1,2,140,12,102,2,3,-
539694,Praha 13,13002,953,657,650,9,2,8,45,34,0,1,20,1,1,0,43,227,2,2,0,105,16,133,1,0,-
539694,Praha 13,13003,853,658,653,4,1,3,24,38,1,1,19,2,0,1,23,243,1,0,1,124,18,146,2,1,-
539694,Praha 13,13004,652,455,453,5,2,5,28,31,0,0,11,0,1,1,28,136,0,0,0,89,16,93,7,0,-
539694,Praha 13,13005,835,625,618,3,0,5,30,29,2,0,18,0,2,2,26,216,0,2,0,133,22,127,1,0,-
539694,Praha 13,13006,629,462,454,4,0,4,14,16,0,1,13,0,1,0,20,192,0,0,0,86,10,91,1,1,-
539694,Praha 13,13007,445,347,346,3,2,3,16,22,0,0,10,0,0,0,12,120,2,0,1,74,10,68,3,0,-
539694,Praha 13,13008,817,575,569,6,3,0,32,35,1,0,14,0,0,0,17,190,1,0,1,127,12,128,2,0,-
539694,Praha 13,13009,759,546,543,6,1,4,43,28,0,0,14,1,1,0,20,185,1,0,3,108,30,97,0,1,-
539694,Praha 13,13010,782,548,541,7,1,4,32,31,0,2,15,1,2,0,26,150,0,0,2,117,28,122,1,0,-
539694,Praha 13,13011,694,510,504,3,0,6,26,38,0,1,22,1,1,1,20,154,2,0,0,92,28,109,0,0,-
539694,Praha 13,13012,553,401,400,0,2,2,22,23,0,1,15,1,0,0,15,128,0,0,2,79,15,91,4,0,-
539694,Praha 13,13013,639,437,432,3,0,5,32,24,0,0,14,0,0,0,22,123,1,0,2,98,14,94,0,0,-
539694,Praha 13,13014,810,522,518,4,3,3,36,18,0,0,11,1,0,0,25,185,0,1,1,134,11,81,4,0,-
539694,Praha 13,13015,868,636,630,2,0,10,25,22,1,0,32,3,0,0,26,246,0,1,1,160,5,95,1,0,-
539694,Praha 13,13016,786,571,565,3,1,7,23,18,0,0,20,1,3,0,19,236,0,0,0,143,7,84,0,0,-
539694,Praha 13,13017,714,496,492,9,1,3,35,23,0,0,15,1,0,0,18,195,0,1,2,87,13,89,0,0,-
539694,Praha 13,13018,859,617,613,5,2,5,28,23,0,0,15,0,1,1,24,245,4,2,0,157,6,93,1,1,-
539694,Praha 13,13019,559,384,382,4,1,2,27,28,0,2,8,1,2,1,24,130,0,0,0,80,9,59,3,1,-
539694,Praha 13,13020,792,530,522,4,2,4,28,16,1,0,14,3,1,0,18,197,0,1,3,123,10,93,4,0,-
539694,Praha 13,13021,526,373,372,3,3,4,13,19,1,0,11,0,1,0,12,154,0,0,0,92,5,53,1,0,-
539694,Praha 13,13022,776,548,543,1,1,4,28,26,1,0,21,1,0,0,14,250,0,0,2,105,8,75,6,0,-
539694,Praha 13,13023,827,642,633,7,5,3,27,16,0,0,14,2,2,0,29,284,1,0,1,136,12,93,1,0,-
539694,Praha 13,13024,815,593,585,5,3,5,50,27,0,0,25,0,1,0,26,218,3,2,3,126,13,76,1,1,-
539694,Praha 13,13025,721,543,536,6,1,3,33,21,0,2,21,1,0,0,18,202,0,0,1,113,7,106,1,0,-
539694,Praha 13,13026,687,473,464,4,0,5,21,27,0,0,13,2,0,0,22,191,0,1,1,95,5,75,1,1,-
539694,Praha 13,13027,1 007,759,751,4,1,3,31,25,1,1,17,3,1,1,29,333,1,0,1,180,17,100,2,0,-
539694,Praha 13,13028,665,450,443,2,1,4,25,11,0,0,16,0,1,0,18,196,4,0,1,111,4,49,0,0,-
539694,Praha 13,13029,537,382,382,2,0,3,15,15,1,0,14,0,1,0,17,152,0,3,3,106,4,45,1,0,-
539694,Praha 13,13030,596,421,412,4,1,4,16,4,0,0,18,0,0,0,15,182,0,1,0,98,10,57,2,0,-
539694,Praha 13,13031,529,380,376,1,1,0,11,23,0,0,9,0,0,0,19,103,0,0,0,84,14,111,0,0,-
539694,Praha 13,13032,844,599,587,4,2,7,26,33,0,1,7,0,0,0,28,213,0,0,1,118,11,133,3,0,-
539694,Praha 13,13033,733,511,505,5,0,3,24,21,2,0,13,1,0,0,17,199,1,0,1,113,9,96,0,0,-
539694,Praha 13,13034,732,512,509,9,0,4,24,28,0,0,19,0,0,2,33,152,1,0,1,116,10,109,1,0,-
539694,Praha 13,13035,577,420,417,1,0,1,25,16,0,2,18,1,0,1,13,141,2,0,2,72,13,106,1,2,-
539694,Praha 13,13036,709,524,517,3,0,1,17,18,0,0,12,0,1,1,10,264,0,0,0,148,2,40,0,0,-
539694,Praha 13,13037,516,332,329,2,0,2,18,23,0,0,11,0,1,0,15,109,0,0,2,55,9,82,0,0,-
539694,Praha 13,13038,713,478,473,3,1,10,24,22,0,0,8,2,0,0,31,144,1,0,0,76,23,125,2,1,-
539694,Praha 13,13039,577,441,433,1,3,0,14,18,2,1,18,0,0,0,11,220,2,1,0,68,3,69,2,0,-
539694,Praha 13,13040,868,679,667,3,2,2,29,9,0,1,9,1,0,0,20,310,1,0,1,140,23,113,2,1,-
539694,Praha 13,13041,449,342,338,4,2,4,20,15,0,0,11,0,0,0,26,119,1,0,2,66,5,63,0,0,-
539694,Praha 13,13042,348,255,253,1,0,3,9,7,3,0,3,0,1,0,14,119,0,0,0,42,9,40,1,1,-
539694,Praha 13,13043,473,354,351,8,0,2,16,12,0,0,4,0,1,0,12,160,0,1,1,57,5,71,0,1,-
539694,Praha 13,13044,807,558,552,4,0,6,29,23,0,0,17,1,1,0,25,199,1,0,0,127,12,103,4,0,-
539694,Praha 13,13045,1 812,379,367,3,0,10,23,14,0,1,18,0,2,1,8,135,0,0,0,93,14,43,1,1,-
539694,Praha 13,13046,878,593,587,5,1,1,35,19,0,1,18,1,1,2,22,234,0,0,2,159,7,77,2,0,-
539694,Praha 13,13047,489,340,334,2,0,6,15,7,0,0,10,0,0,0,13,167,0,0,0,71,4,38,1,0,-
539694,Praha 13,13048,654,459,456,8,0,3,17,20,0,0,11,0,0,0,16,177,0,0,3,107,8,85,0,1,-
539694,Praha 13,13049,867,600,592,2,0,4,27,31,0,0,19,1,0,0,29,197,1,0,1,140,17,122,1,0,-
539694,Praha 13,13050,822,575,566,9,3,7,26,25,2,1,12,1,0,0,39,204,0,0,3,111,18,103,2,0,-
539694,Praha 13,13051,622,488,488,2,1,1,22,22,0,0,13,0,2,0,13,228,1,0,0,120,1,59,3,0,-
539694,Praha 13,13052,583,403,403,8,2,4,23,17,2,1,10,0,0,0,7,154,3,1,0,97,6,67,1,0,-
539694,Praha 13,13053,604,477,471,2,1,3,20,9,1,0,18,1,0,0,6,191,1,1,2,135,3,76,1,0,-
539694,Praha 13,13054,730,560,556,8,1,4,22,9,0,1,17,1,1,0,11,289,1,1,0,128,4,56,2,0,-
539694,Praha 13,13055,521,418,416,3,2,2,17,11,0,0,20,0,0,2,7,210,0,0,0,100,3,37,2,0,-
539694,Praha 13,13056,499,357,356,3,0,3,8,13,1,0,11,0,1,0,19,134,0,0,0,96,6,61,0,0,-
539694,Praha 13,13057,569,390,389,3,4,8,16,21,1,0,16,1,1,0,18,125,3,0,0,72,10,87,2,1,-
539694,Praha 13,13058,589,452,434,2,2,1,17,17,0,0,11,2,1,0,8,200,1,2,3,116,2,47,2,0,-
547361,Praha 14,14001,209,158,153,0,0,1,7,3,0,0,5,2,2,0,9,75,0,0,0,29,2,18,0,0,-
547361,Praha 14,14002,761,597,595,7,1,12,30,13,0,0,22,1,0,0,16,239,0,2,1,122,14,114,1,0,-
547361,Praha 14,14003,512,357,354,4,0,4,14,15,1,0,7,0,1,0,11,161,1,1,0,76,6,52,0,0,-
547361,Praha 14,14004,662,456,453,10,0,4,22,21,0,0,18,1,1,0,30,178,0,1,1,81,12,73,0,0,-
547361,Praha 14,14005,618,404,402,2,0,3,24,12,2,0,5,0,0,0,13,149,1,1,2,91,10,85,2,0,-
547361,Praha 14,14006,564,356,353,1,1,0,20,13,0,0,3,0,1,0,17,127,0,0,0,74,21,75,0,0,-
547361,Praha 14,14007,301,192,190,1,0,1,9,12,0,0,1,0,0,0,10,72,1,0,1,40,3,38,1,0,-
547361,Praha 14,14008,583,374,373,5,2,3,20,12,2,0,9,0,1,1,15,134,0,0,2,84,9,73,1,0,-
547361,Praha 14,14009,949,571,569,7,3,14,36,33,1,1,21,2,2,0,28,188,0,0,0,104,15,111,2,1,-
547361,Praha 14,14010,815,551,548,6,1,7,27,29,0,1,17,0,2,0,22,178,0,0,1,95,25,135,2,0,-
547361,Praha 14,14011,691,446,444,4,0,4,24,33,0,1,9,1,0,0,23,138,1,0,0,90,12,103,1,0,-
547361,Praha 14,14012,2 432,644,636,6,1,11,56,29,3,0,21,0,0,0,41,181,0,1,4,101,19,157,4,1,-
547361,Praha 14,14013,699,456,455,8,1,4,15,27,0,1,12,0,1,0,20,147,3,0,1,70,11,132,2,0,-
547361,Praha 14,14014,531,360,359,4,0,1,17,19,0,0,15,0,0,0,15,125,1,0,0,49,13,100,0,0,-
547361,Praha 14,14015,681,491,485,6,1,1,30,25,1,2,13,0,1,0,24,142,0,0,0,63,27,148,1,0,-
547361,Praha 14,14016,1 436,939,932,10,3,9,69,32,1,3,30,1,1,0,38,366,2,1,2,143,28,190,3,0,-
547361,Praha 14,14017,1 895,1 305,1 290,21,5,17,67,45,1,0,35,6,1,1,64,528,1,2,7,232,24,227,5,1,-
547361,Praha 14,14018,1 411,892,886,14,2,6,81,55,2,0,14,4,2,1,41,316,1,0,1,132,17,188,6,3,-
547361,Praha 14,14019,1 179,835,831,9,1,14,53,35,1,0,20,4,0,1,41,297,0,4,0,172,16,160,2,1,-
547361,Praha 14,14020,1 055,750,747,3,2,4,48,25,1,1,13,1,2,2,28,266,1,1,0,171,14,161,2,1,-
547361,Praha 14,14021,1 216,833,829,9,2,11,35,42,0,1,26,1,0,0,25,313,1,0,3,178,13,165,3,1,-
547361,Praha 14,14022,1 439,1 045,1 040,11,2,8,41,34,0,0,49,4,0,0,37,432,0,1,1,202,12,204,2,0,-
547361,Praha 14,14023,830,647,640,8,1,2,38,29,0,2,15,1,3,0,25,227,1,1,0,124,17,145,1,0,-
547361,Praha 14,14024,1 082,752,750,10,3,4,31,36,0,0,19,1,1,0,18,325,2,0,1,139,14,144,1,1,-
547361,Praha 14,14025,678,509,507,6,0,5,30,25,2,1,11,1,0,0,19,207,0,2,0,77,13,106,1,1,-
547361,Praha 14,14026,999,679,679,5,5,5,35,31,0,0,20,0,1,0,33,281,0,0,1,117,15,129,1,0,-
547361,Praha 14,14027,1 281,1 014,1 007,11,3,8,51,34,1,2,23,1,1,1,37,484,2,1,2,222,9,113,0,1,-
547361,Praha 14,14028,802,641,636,2,2,0,31,22,0,1,21,1,1,0,17,307,0,0,2,128,10,88,3,0,-
547361,Praha 14,14029,1 475,878,874,13,6,10,67,34,0,3,29,5,0,0,53,296,1,1,1,126,36,189,4,0,-
547361,Praha 14,14030,1 581,951,938,13,2,19,73,44,2,1,25,1,0,1,30,379,1,1,4,135,16,187,4,0,-
547361,Praha 14,14031,1 378,946,937,13,5,10,74,45,0,4,28,4,3,0,40,369,1,0,2,142,12,184,1,0,-
547361,Praha 14,14032,960,697,693,5,4,3,34,31,1,0,13,2,1,0,27,302,0,0,1,163,11,94,1,0,-
547387,Praha 15,15001,1 240,865,860,9,2,10,56,48,0,2,24,0,1,0,36,262,2,2,0,162,43,196,5,0,-
547387,Praha 15,15002,990,694,686,6,3,6,35,34,0,0,8,1,1,1,34,221,0,0,0,133,10,190,3,0,-
547387,Praha 15,15003,1 257,858,852,9,3,11,60,39,0,0,27,5,1,0,56,275,1,0,3,149,31,178,4,0,-
547387,Praha 15,15004,725,558,557,8,0,3,21,24,1,0,11,0,1,0,24,208,1,0,0,105,21,129,0,0,-
547387,Praha 15,15005,1 053,803,792,5,0,6,44,44,0,0,20,1,2,0,38,284,1,0,0,177,17,153,0,0,-
547387,Praha 15,15006,1 418,1 033,1 025,15,2,9,57,33,0,2,26,1,4,1,35,442,0,2,2,204,15,171,4,0,-
547387,Praha 15,15007,1 018,755,746,7,4,9,57,29,0,1,33,0,0,0,30,272,2,0,4,139,12,141,5,1,-
547387,Praha 15,15008,1 200,839,833,11,1,15,45,39,0,1,27,0,0,0,33,304,0,0,2,191,8,152,3,1,-
547387,Praha 15,15009,866,601,596,8,1,7,32,26,0,0,10,1,2,0,13,241,2,0,0,106,7,137,3,0,-
547387,Praha 15,15010,887,638,634,6,3,4,27,26,0,0,11,0,2,0,26,256,0,0,0,119,10,144,0,0,-
547387,Praha 15,15011,855,617,613,1,0,4,24,29,0,0,13,0,2,0,24,216,0,0,1,113,11,173,1,1,-
547387,Praha 15,15012,592,439,437,4,1,7,21,27,0,0,9,2,6,0,12,151,0,0,0,78,14,103,1,1,-
547387,Praha 15,15013,624,422,419,4,1,2,23,25,1,1,8,1,0,0,21,132,2,0,1,59,10,126,2,0,-
547387,Praha 15,15014,740,499,496,6,0,1,23,11,1,2,17,1,4,0,27,182,1,0,0,54,8,152,4,2,-
547387,Praha 15,15015,1 051,814,807,10,0,13,50,31,0,1,22,2,1,0,35,345,1,0,1,128,27,139,1,0,-
547387,Praha 15,15016,1 102,802,795,3,0,3,46,35,0,0,20,0,0,0,22,345,0,0,0,162,9,147,2,1,-
547387,Praha 15,15017,977,701,693,8,0,2,46,47,3,0,17,0,1,0,33,229,1,0,3,140,8,152,3,0,-
547387,Praha 15,15018,937,702,697,6,4,5,32,25,2,3,17,3,0,0,37,260,2,0,1,131,8,159,1,1,-
547387,Praha 15,15019,1 522,1 101,1 092,13,1,7,55,37,2,1,32,0,3,0,34,443,3,1,1,250,22,185,2,0,-
547387,Praha 15,15020,1 269,901,899,5,4,0,34,35,0,1,21,0,1,0,20,413,0,2,3,194,20,143,2,1,-
547387,Praha 15,15021,1 121,810,805,1,0,3,31,23,0,4,17,1,0,0,33,338,3,1,3,192,14,139,0,2,-
547387,Praha 15,15022,1 217,914,904,10,1,9,40,32,1,1,18,2,1,1,32,336,0,2,2,193,19,200,4,0,-
547387,Praha 15,15023,1 223,509,507,4,2,4,27,14,0,1,12,0,0,0,13,267,1,2,0,76,2,81,1,0,-
539601,Praha 16,16001,603,472,470,10,1,3,19,17,1,0,12,1,1,0,15,188,0,0,1,73,11,114,2,1,-
539601,Praha 16,16002,899,715,709,7,0,5,25,22,0,0,11,0,2,1,23,313,2,1,1,172,13,109,2,0,-
539601,Praha 16,16003,623,432,425,5,2,2,23,19,0,0,8,1,3,1,21,151,0,0,0,76,6,107,0,0,-
539601,Praha 16,16004,552,309,307,6,0,1,16,17,1,0,9,0,0,0,11,127,0,0,0,62,3,54,0,0,-
539601,Praha 16,16005,1 096,794,780,11,2,9,30,32,0,1,20,0,1,0,32,310,0,0,0,196,15,121,0,0,-
539601,Praha 16,16006,737,587,581,2,3,2,29,20,0,1,11,1,0,1,22,281,1,0,2,121,3,79,1,1,-
539601,Praha 16,16007,723,592,586,6,0,11,26,18,0,1,11,0,1,0,23,264,3,1,2,126,14,79,0,0,-
539601,Praha 16,16008,887,681,674,7,5,6,36,24,1,0,16,1,2,1,32,267,2,1,0,157,16,99,1,0,-
547174,Praha 17,17001,1 036,735,729,5,3,5,37,31,1,3,27,0,0,0,42,250,0,0,3,137,13,171,1,0,-
547174,Praha 17,17002,1 690,791,781,6,4,7,43,35,1,3,32,0,1,0,36,328,1,0,1,129,19,134,0,1,-
547174,Praha 17,17003,580,440,435,1,0,3,32,22,0,0,14,0,0,0,18,157,1,0,0,65,11,110,1,0,-
547174,Praha 17,17004,1 062,702,694,5,2,2,40,31,1,0,16,0,0,0,26,283,1,0,1,105,20,158,2,1,-
547174,Praha 17,17005,928,629,625,8,0,5,37,27,0,1,20,5,0,0,22,206,0,0,3,122,15,150,4,0,-
547174,Praha 17,17006,746,520,517,6,1,3,26,31,1,0,4,0,1,0,13,163,1,1,0,79,12,171,4,0,-
547174,Praha 17,17007,872,610,608,3,0,5,32,34,0,0,13,1,0,0,15,242,1,0,0,81,16,164,1,0,-
547174,Praha 17,17008,740,564,559,7,4,2,47,35,0,1,11,1,1,0,36,146,0,1,3,111,30,121,2,0,-
547174,Praha 17,17009,860,549,542,2,1,6,31,27,1,0,22,3,0,1,37,164,1,0,0,109,18,118,1,0,-
547174,Praha 17,17010,1 306,875,864,6,5,11,54,51,2,2,23,1,2,1,45,285,0,1,0,148,22,201,4,0,-
547174,Praha 17,17011,825,546,544,5,5,8,29,19,0,0,8,0,0,0,36,174,3,0,1,99,21,134,2,0,-
547174,Praha 17,17012,912,665,658,9,3,13,38,40,0,2,21,2,1,0,34,205,0,2,1,117,32,138,0,0,-
547174,Praha 17,17013,970,670,657,7,1,8,41,33,0,0,14,3,3,2,39,221,0,0,3,138,17,120,6,1,-
547174,Praha 17,17014,1 042,744,740,8,1,4,55,47,2,3,18,0,2,0,33,254,1,2,1,134,23,151,1,0,-
547174,Praha 17,17015,870,633,624,2,4,3,38,17,0,0,14,0,1,0,18,242,0,6,0,134,17,127,1,0,-
547174,Praha 17,17016,1 124,812,810,12,1,10,55,32,0,3,19,0,2,1,40,320,1,0,1,169,15,125,4,0,-
547174,Praha 17,17017,779,546,545,2,0,5,28,29,1,0,14,0,0,1,31,172,1,0,0,101,24,133,3,0,-
547174,Praha 17,17018,875,672,667,5,0,1,44,26,1,0,25,1,0,0,19,318,0,0,1,106,8,112,0,0,-
547417,Praha 18,18001,1 429,803,796,9,2,3,36,24,0,1,21,2,0,1,27,376,3,0,2,173,10,105,1,0,-
547417,Praha 18,18002,1 319,958,954,11,1,5,53,56,2,0,32,1,0,0,33,330,2,1,3,221,17,182,4,0,-
547417,Praha 18,18003,1 213,895,885,4,3,6,45,42,0,2,25,2,2,0,42,362,1,0,1,196,10,140,2,0,-
547417,Praha 18,18004,1 357,1 003,990,4,3,5,34,39,2,0,31,2,0,0,47,407,3,3,3,213,13,180,0,1,-
547417,Praha 18,18005,992,686,681,10,3,4,56,42,2,1,18,2,1,0,46,231,1,1,0,104,16,141,1,1,-
547417,Praha 18,18006,1 008,691,685,6,2,5,36,32,2,1,28,1,0,0,38,260,0,0,1,137,11,125,0,0,-
547417,Praha 18,18007,1 151,766,759,12,0,8,43,46,0,1,10,0,1,0,42,237,0,1,1,138,18,198,1,2,-
547417,Praha 18,18008,981,700,693,5,1,4,40,34,1,0,11,1,1,0,36,206,1,1,1,133,18,197,1,1,-
547417,Praha 18,18009,1 109,767,763,8,5,5,50,39,0,0,17,1,1,0,32,269,2,1,3,170,22,136,2,0,-
547417,Praha 18,18010,989,666,659,4,1,9,52,30,0,0,17,1,0,0,28,204,0,0,0,105,23,182,3,0,-
547417,Praha 18,18011,996,689,684,7,4,8,46,54,0,1,28,0,0,0,34,186,3,0,5,94,17,196,0,1,-
547417,Praha 18,18012,746,554,548,10,0,4,28,11,0,2,20,0,3,0,15,249,0,0,1,133,7,64,1,0,-
547344,Praha 19,19001,802,600,593,8,1,4,39,28,1,2,25,0,0,0,22,247,0,0,1,88,17,107,3,0,-
547344,Praha 19,19002,809,589,584,3,1,7,39,37,0,0,22,0,0,2,40,198,0,0,0,107,26,101,0,1,-
547344,Praha 19,19003,1 084,872,864,6,0,6,36,32,3,1,22,0,1,1,29,319,0,0,0,190,21,194,3,0,-
547344,Praha 19,19004,1 209,825,818,15,2,10,44,45,0,0,22,0,2,0,38,300,0,0,0,169,21,149,1,0,-
547344,Praha 19,19005,251,193,189,6,0,1,7,3,0,0,6,0,0,0,6,87,0,0,0,41,2,28,2,0,-
547344,Praha 19,19006,689,572,569,3,2,5,19,17,1,0,15,0,2,0,19,269,0,1,2,152,3,57,2,0,-
500089,Praha 2,2001,485,329,325,11,1,1,3,5,1,0,4,0,1,0,7,138,1,0,0,104,6,42,0,0,-
500089,Praha 2,2002,335,252,251,1,0,0,11,12,1,0,4,0,0,0,11,101,0,0,0,67,6,37,0,0,-
500089,Praha 2,2003,716,485,480,5,0,4,13,14,0,1,7,0,1,0,7,211,0,1,1,152,5,56,2,0,-
500089,Praha 2,2004,802,582,569,6,0,2,19,18,0,2,12,1,0,0,15,248,1,0,2,172,7,64,0,0,-
500089,Praha 2,2005,604,449,447,6,1,6,12,18,0,0,19,1,0,0,6,167,1,0,1,143,2,64,0,0,-
500089,Praha 2,2006,677,495,488,10,0,1,11,11,0,0,17,1,0,2,12,188,0,0,2,191,4,38,0,0,-
500089,Praha 2,2007,731,542,541,12,1,3,10,10,0,0,10,0,1,0,12,230,1,0,0,182,6,62,1,0,-
500089,Praha 2,2008,596,394,384,3,1,0,10,10,0,0,11,0,0,0,5,185,0,0,3,105,1,50,0,0,-
500089,Praha 2,2009,724,503,494,5,2,1,14,19,0,1,9,0,0,0,14,223,1,0,0,150,4,51,0,0,-
500089,Praha 2,2010,646,476,472,4,1,9,15,12,0,0,9,0,1,0,13,230,0,1,0,109,5,63,0,0,-
500089,Praha 2,2011,653,469,468,1,4,2,26,12,0,0,14,0,0,0,9,210,1,0,0,115,7,66,1,0,-
500089,Praha 2,2012,621,401,397,2,1,3,21,15,1,0,11,0,1,0,9,171,0,0,0,100,7,52,3,0,-
500089,Praha 2,2013,496,431,424,1,2,1,13,18,0,0,5,0,0,0,16,178,0,0,0,146,2,42,0,0,-
500089,Praha 2,2014,600,417,415,6,4,4,7,12,1,0,9,0,1,0,5,166,0,1,0,146,5,48,0,0,-
500089,Praha 2,2015,508,384,386,4,0,0,14,6,0,1,9,0,0,0,8,177,0,2,2,127,6,27,2,1,-
500089,Praha 2,2016,803,554,547,6,2,3,16,13,0,0,19,0,0,1,15,252,0,0,0,158,5,55,2,0,-
500089,Praha 2,2017,660,505,500,12,0,3,15,7,0,0,15,1,1,0,12,250,2,0,2,131,7,41,1,0,-
500089,Praha 2,2018,793,561,559,7,2,3,25,11,1,0,16,1,0,0,15,239,2,0,2,153,11,71,0,0,-
500089,Praha 2,2019,621,438,433,5,1,3,24,16,0,0,8,0,0,0,5,185,0,0,0,135,7,43,1,0,-
500089,Praha 2,2020,1 769,638,624,10,1,2,37,14,0,0,20,1,0,1,15,266,0,0,1,181,10,62,3,0,-
500089,Praha 2,2021,661,424,418,6,1,2,16,13,2,0,11,1,1,0,5,189,1,1,0,108,7,52,2,0,-
500089,Praha 2,2022,788,533,528,7,0,5,25,16,0,0,15,1,0,0,15,233,0,0,0,135,5,71,0,0,-
500089,Praha 2,2023,774,526,525,11,6,1,20,17,1,1,14,2,0,0,10,227,1,0,4,123,15,71,1,0,-
500089,Praha 2,2024,783,566,561,3,1,3,31,21,0,0,13,0,0,0,13,241,1,0,1,148,6,78,1,0,-
500089,Praha 2,2025,720,507,503,8,2,8,25,14,0,2,8,1,0,0,10,226,3,1,0,139,10,46,0,0,-
500089,Praha 2,2026,645,473,466,2,0,1,24,13,1,0,15,0,0,0,5,233,0,0,0,127,5,40,0,0,-
500089,Praha 2,2027,975,615,610,5,4,10,27,26,0,0,10,1,3,0,15,275,2,0,0,164,9,57,2,0,-
500089,Praha 2,2028,1 083,727,724,9,3,8,32,22,1,0,15,1,4,0,17,312,1,0,1,196,12,90,0,0,-
500089,Praha 2,2029,784,473,465,2,2,7,23,17,0,0,12,0,0,0,8,206,1,1,1,107,4,73,1,0,-
500089,Praha 2,2030,725,461,456,3,2,2,21,14,1,0,17,1,1,0,15,203,1,1,1,112,6,53,1,1,-
500089,Praha 2,2031,545,374,369,7,0,4,15,5,1,0,12,2,0,0,9,164,0,0,0,97,5,45,1,2,-
500089,Praha 2,2032,938,611,596,7,1,7,24,16,1,1,14,1,0,2,14,270,1,1,1,158,6,71,0,0,-
500089,Praha 2,2033,876,628,620,9,1,6,23,17,0,1,17,0,2,0,14,285,0,0,2,176,5,59,2,1,-
500089,Praha 2,2034,698,539,538,2,1,3,27,18,0,0,15,3,1,0,20,221,0,1,0,134,9,81,2,0,-
500089,Praha 2,2035,868,601,589,1,0,3,42,27,0,0,19,1,0,0,20,253,1,1,2,136,7,76,0,0,-
500089,Praha 2,2036,558,339,333,1,0,4,17,16,0,0,7,0,0,0,11,136,0,0,1,95,3,41,1,0,-
500089,Praha 2,2037,621,415,410,4,4,4,14,19,0,0,9,0,1,0,7,178,0,0,1,110,7,52,0,0,-
500089,Praha 2,2038,466,271,266,2,1,2,18,5,0,0,11,2,0,0,8,107,2,0,1,63,3,41,0,0,-
500089,Praha 2,2039,605,425,418,1,2,2,17,14,1,0,12,1,0,0,7,178,0,1,2,118,6,55,1,0,-
500089,Praha 2,2040,546,385,384,4,0,7,12,20,0,0,11,0,0,1,13,150,1,1,0,81,6,75,2,0,-
500089,Praha 2,2041,370,199,196,3,0,3,9,3,0,0,4,1,0,0,0,99,0,0,1,47,3,22,1,0,-
500089,Praha 2,2042,536,351,351,5,0,7,10,9,0,0,12,0,0,0,4,144,2,0,0,111,5,41,0,1,-
500089,Praha 2,2043,550,403,397,0,2,1,12,14,1,1,9,1,0,0,15,173,0,0,0,107,6,53,2,0,-
500089,Praha 2,2044,685,509,498,5,0,9,16,24,0,0,10,0,0,0,12,185,0,1,1,140,9,86,0,0,-
500089,Praha 2,2045,606,456,451,3,4,1,22,15,1,0,14,0,0,0,7,209,1,0,2,120,3,48,1,0,-
538213,Praha 20,20001,897,674,672,4,1,3,46,31,4,0,16,1,0,0,35,239,0,0,0,102,31,154,3,2,-
538213,Praha 20,20002,720,516,512,3,1,2,28,29,0,1,9,2,1,0,26,144,2,0,0,98,23,141,1,1,-
538213,Praha 20,20003,1 109,880,871,6,0,10,32,26,0,1,17,2,1,1,23,425,1,0,0,141,16,164,4,1,-
538213,Praha 20,20004,858,655,646,10,0,8,27,25,0,0,14,1,0,0,30,262,1,0,1,106,17,141,2,1,-
538213,Praha 20,20005,725,549,544,3,0,1,28,37,0,0,11,2,0,0,29,137,2,0,0,101,50,142,1,0,-
538213,Praha 20,20006,1 279,710,704,3,3,8,64,20,0,0,23,1,1,0,18,303,2,1,3,113,11,125,5,0,-
538213,Praha 20,20007,743,541,533,4,2,10,20,14,0,0,17,0,1,1,20,201,0,0,0,99,13,131,0,0,-
538213,Praha 20,20008,984,730,726,3,1,3,31,31,2,1,19,0,2,0,27,284,1,0,0,151,28,137,4,1,-
538213,Praha 20,20009,839,620,610,6,1,5,35,13,2,0,23,0,1,0,31,247,1,0,0,95,18,130,2,0,-
538213,Praha 20,20010,876,613,608,8,1,5,37,28,0,0,8,1,0,0,28,222,0,0,2,138,12,116,2,0,-
538213,Praha 20,20011,1 037,794,786,5,4,7,31,33,0,2,39,0,2,1,32,295,4,2,1,143,35,148,2,0,-
538213,Praha 20,20012,931,652,643,4,3,5,47,40,1,0,21,3,1,1,40,191,2,0,1,105,31,145,1,1,-
538949,Praha 21,21001,1 037,766,763,1,2,7,27,32,0,0,31,3,2,0,24,367,2,0,2,123,12,128,0,0,-
538949,Praha 21,21002,1 147,909,902,3,3,4,38,30,0,1,29,3,3,0,28,425,2,1,0,191,11,127,3,0,-
538949,Praha 21,21003,975,636,626,2,1,3,31,21,0,0,15,1,1,0,32,280,0,0,0,110,4,123,1,1,-
538949,Praha 21,21004,957,724,719,4,1,8,27,27,1,4,26,1,0,0,20,343,0,0,1,111,12,128,5,0,-
538949,Praha 21,21005,941,792,786,4,0,5,27,16,0,2,32,2,0,0,26,385,0,1,0,155,7,122,2,0,-
538949,Praha 21,21006,785,622,617,2,2,6,30,27,2,0,22,0,0,0,22,255,0,1,1,106,15,126,0,0,-
538949,Praha 21,21007,849,614,608,7,1,5,43,31,0,4,5,1,0,0,50,175,0,0,0,103,21,159,1,2,-
538949,Praha 21,21008,872,653,645,9,3,1,32,43,2,0,12,1,0,0,31,208,0,0,1,132,15,153,2,0,-
538931,Praha 22,22001,1 055,735,727,6,0,3,41,35,2,0,15,1,0,1,23,318,0,2,1,150,8,115,6,0,-
538931,Praha 22,22002,984,760,756,9,5,6,37,25,1,0,20,3,1,0,39,322,0,0,2,123,11,149,1,2,-
538931,Praha 22,22003,1 075,845,838,9,3,9,26,29,1,1,33,0,0,0,41,391,1,0,1,186,7,97,3,0,-
538931,Praha 22,22004,1 532,988,981,11,3,14,49,36,3,0,25,2,1,0,32,392,0,0,3,238,18,150,4,0,-
538931,Praha 22,22005,963,722,717,6,1,6,27,28,0,3,27,3,2,0,20,306,1,0,2,140,9,133,3,0,-
538931,Praha 22,22006,1 010,758,754,4,2,7,31,25,0,1,28,2,2,0,26,308,0,1,1,180,12,122,2,0,-
538931,Praha 22,22007,928,725,719,7,0,4,23,11,0,1,25,3,0,0,26,382,0,0,2,128,5,98,4,0,-
538931,Praha 22,22008,473,383,382,6,0,0,17,13,0,1,10,0,0,0,22,175,0,0,0,70,2,64,1,1,-
500097,Praha 3,3001,973,656,652,12,2,7,32,19,2,2,8,0,0,1,19,261,0,0,1,216,2,67,1,0,-
500097,Praha 3,3002,954,570,566,12,1,6,20,17,0,2,14,0,3,0,16,247,0,0,5,151,6,64,1,1,-
500097,Praha 3,3003,876,565,559,10,0,7,31,20,2,0,18,1,1,0,6,191,1,1,3,209,1,55,1,1,-
500097,Praha 3,3004,807,467,464,10,0,6,21,14,0,0,17,3,1,0,12,176,1,1,3,131,3,63,1,1,-
500097,Praha 3,3005,736,450,445,6,0,6,24,20,0,0,10,1,1,0,11,169,0,1,1,134,4,56,1,0,-
500097,Praha 3,3006,860,533,533,14,2,2,27,21,0,0,16,1,1,1,10,214,1,1,0,145,5,71,1,0,-
500097,Praha 3,3007,837,563,558,12,1,2,24,17,0,1,14,0,0,0,13,223,0,0,1,185,2,62,1,0,-
500097,Praha 3,3008,1 020,802,791,6,2,5,31,30,0,1,18,1,0,0,14,325,0,1,4,252,7,92,2,0,-
500097,Praha 3,3009,1 046,799,792,9,1,4,28,29,1,0,16,1,3,1,13,316,0,0,2,244,11,113,0,0,-
500097,Praha 3,3010,769,539,527,3,0,6,30,13,2,0,17,1,0,0,12,196,1,0,0,129,19,95,3,0,-
500097,Praha 3,3011,2 920,866,829,13,3,9,41,29,1,0,31,1,0,1,30,322,2,0,6,229,14,93,3,1,-
500097,Praha 3,3012,1 012,618,615,11,1,7,27,11,2,0,14,3,0,0,19,249,1,0,2,164,7,97,0,0,-
500097,Praha 3,3013,853,574,569,6,1,2,34,32,1,0,10,3,0,0,27,186,1,0,1,108,17,139,1,0,-
500097,Praha 3,3014,1 065,722,718,8,1,9,34,22,1,0,21,2,1,0,15,322,2,1,1,149,19,108,2,0,-
500097,Praha 3,3015,953,625,621,5,2,4,36,20,2,0,10,2,0,0,19,261,2,2,1,115,10,126,3,1,-
500097,Praha 3,3016,1 035,687,682,7,2,6,25,19,0,0,15,1,1,0,11,311,2,0,0,167,6,106,3,0,-
500097,Praha 3,3017,1 052,755,749,12,2,12,32,27,1,2,24,0,3,1,24,318,0,3,0,169,15,101,2,1,-
500097,Praha 3,3018,1 124,679,671,13,4,7,33,24,0,1,9,1,1,0,27,254,2,0,1,202,8,83,1,0,-
500097,Praha 3,3019,936,587,576,10,1,5,38,24,0,1,15,1,2,0,19,205,0,0,0,155,15,84,1,0,-
500097,Praha 3,3020,873,622,619,11,0,7,13,11,0,2,13,0,1,0,11,287,3,2,1,169,15,72,1,0,-
500097,Praha 3,3021,783,550,544,5,0,4,21,13,0,0,24,0,2,0,12,208,0,0,0,162,6,86,0,1,-
500097,Praha 3,3022,878,634,626,8,1,5,20,26,0,1,11,0,1,0,11,275,0,2,3,163,8,87,4,0,-
500097,Praha 3,3023,1 053,741,739,6,1,3,30,19,0,1,18,0,0,0,13,326,0,0,4,207,10,100,1,0,-
500097,Praha 3,3024,1 000,699,696,8,4,4,30,29,0,0,16,0,1,2,17,294,2,0,1,191,13,82,2,0,-
500097,Praha 3,3025,1 050,717,713,5,1,4,32,26,1,2,12,1,2,1,28,298,4,0,0,202,6,87,1,0,-
500097,Praha 3,3026,948,656,654,3,1,4,24,27,0,0,12,1,0,0,16,270,0,0,1,162,9,124,0,0,-
500097,Praha 3,3027,925,614,608,6,0,4,15,23,1,0,10,0,1,1,16,260,1,0,3,177,9,80,1,0,-
500097,Praha 3,3028,761,554,549,5,1,4,16,25,0,0,19,1,0,0,14,229,0,0,0,147,3,84,0,1,-
500097,Praha 3,3029,870,617,607,3,1,3,19,18,0,1,12,1,2,1,16,240,2,1,1,170,8,103,4,1,-
500097,Praha 3,3030,876,608,600,9,2,3,27,21,1,0,21,2,0,0,10,235,0,0,2,165,6,95,0,1,-
500097,Praha 3,3031,861,611,608,8,2,5,15,15,0,0,20,1,0,0,13,298,0,0,5,137,7,77,4,1,-
500097,Praha 3,3032,915,644,641,7,2,7,22,24,1,0,20,1,0,0,22,248,1,1,0,182,8,95,0,0,-
500097,Praha 3,3033,872,627,618,7,1,5,26,26,0,2,17,0,0,0,15,256,0,0,0,152,15,94,2,0,-
500097,Praha 3,3034,841,581,576,3,0,4,25,36,1,0,25,1,0,0,18,236,0,0,0,150,4,72,1,0,-
500097,Praha 3,3035,713,505,501,8,5,4,29,18,0,0,22,0,0,1,16,196,0,0,1,118,9,73,1,0,-
500097,Praha 3,3036,1 000,698,687,10,5,4,25,26,1,1,9,2,1,0,21,278,0,0,1,183,16,103,1,0,-
500097,Praha 3,3037,900,545,539,8,1,9,26,32,0,0,16,0,0,0,16,213,2,2,1,106,17,89,1,0,-
500097,Praha 3,3038,1 034,701,695,10,1,6,27,28,0,0,14,1,2,0,14,269,1,1,2,174,13,127,4,1,-
500097,Praha 3,3039,840,564,555,12,1,6,28,13,0,0,11,1,1,1,13,186,0,0,0,175,15,88,4,0,-
500097,Praha 3,3040,993,654,648,10,0,4,22,29,0,2,15,0,2,1,15,234,2,2,1,183,13,113,0,0,-
500097,Praha 3,3041,937,656,651,14,2,4,31,37,0,0,15,0,0,0,21,217,1,1,2,177,24,102,1,2,-
500097,Praha 3,3042,987,720,718,6,2,7,32,19,2,0,16,1,1,1,33,306,1,2,1,165,15,107,1,0,-
500097,Praha 3,3043,842,619,615,3,0,5,13,24,0,1,9,0,3,0,25,289,4,0,3,110,18,108,0,0,-
500097,Praha 3,3044,762,539,533,5,2,8,32,13,0,0,14,0,0,0,21,169,1,0,1,150,11,102,3,1,-
500097,Praha 3,3045,1 098,855,851,10,1,4,37,20,0,4,22,2,1,1,31,375,0,0,0,195,30,115,3,0,-
500097,Praha 3,3046,847,641,638,3,6,6,24,44,0,1,13,1,1,1,24,228,0,0,0,112,32,140,2,0,-
500097,Praha 3,3047,901,578,576,5,3,2,33,40,0,1,20,1,0,0,28,186,2,0,2,69,53,128,1,2,-
500097,Praha 3,3048,1 011,709,704,8,0,16,31,27,0,0,23,0,3,1,28,255,2,0,2,167,25,115,0,1,-
500097,Praha 3,3049,1 053,689,685,6,0,4,31,30,0,1,19,1,1,0,30,227,1,0,1,171,18,144,0,0,-
500097,Praha 3,3050,999,740,728,6,1,6,31,32,0,0,23,0,0,0,27,319,1,1,1,137,11,131,1,0,-
500097,Praha 3,3051,904,643,636,5,2,5,25,21,0,0,27,0,0,0,25,256,0,0,1,141,14,112,2,0,-
500097,Praha 3,3052,676,531,529,1,0,1,5,6,0,0,19,2,0,0,4,290,0,0,4,176,1,20,0,0,-
500119,Praha 4,4001,552,375,372,3,1,3,19,10,0,0,14,1,0,1,11,139,1,0,0,108,2,59,0,0,-
500119,Praha 4,4002,584,371,368,3,2,2,20,16,1,0,13,0,0,0,14,128,0,0,0,108,5,56,0,0,-
500119,Praha 4,4003,696,476,471,6,0,5,17,17,1,0,9,0,0,0,10,188,1,0,0,149,6,62,0,0,-
500119,Praha 4,4004,616,378,371,3,0,1,19,14,1,0,10,0,0,0,13,134,0,0,0,121,4,51,0,0,-
500119,Praha 4,4005,556,382,381,5,3,6,14,12,1,0,6,0,0,0,9,158,1,0,0,105,4,54,3,0,-
500119,Praha 4,4006,565,365,359,5,0,8,13,25,0,0,7,0,0,0,8,143,0,0,0,83,13,54,0,0,-
500119,Praha 4,4007,633,430,425,2,3,2,16,14,1,0,10,0,1,0,10,162,3,0,2,129,6,64,0,0,-
500119,Praha 4,4008,621,421,418,7,2,5,19,22,0,0,13,0,2,0,8,139,0,0,0,132,1,68,0,0,-
500119,Praha 4,4009,672,418,412,7,2,4,26,19,0,0,7,0,1,0,8,163,1,0,0,99,5,65,3,2,-
500119,Praha 4,4010,726,484,478,1,0,7,16,13,0,0,7,2,0,0,6,220,1,3,2,133,5,62,0,0,-
500119,Praha 4,4011,546,364,360,4,0,1,17,21,0,0,8,0,0,0,12,114,2,0,0,95,6,79,1,0,-
500119,Praha 4,4012,765,480,475,7,3,5,18,22,1,0,11,0,0,1,13,187,1,0,1,140,10,53,1,1,-
500119,Praha 4,4013,669,502,495,10,0,6,16,12,0,0,8,0,1,0,13,201,0,0,1,167,7,52,1,0,-
500119,Praha 4,4014,664,464,460,6,0,5,28,21,0,0,22,1,1,1,11,165,0,1,0,135,7,55,1,0,-
500119,Praha 4,4015,765,514,506,5,0,5,22,18,0,0,7,0,5,0,12,218,3,0,2,133,6,67,2,1,-
500119,Praha 4,4016,707,494,491,8,4,6,26,20,1,0,13,2,2,0,15,173,0,1,1,142,10,66,1,0,-
500119,Praha 4,4017,623,380,377,5,0,3,26,11,1,0,5,2,0,0,10,166,0,0,1,84,7,54,2,0,-
500119,Praha 4,4018,550,361,357,7,2,4,20,14,2,0,15,0,0,0,26,141,0,1,0,85,3,35,1,1,-
500119,Praha 4,4019,759,530,526,13,0,7,27,17,0,1,12,0,0,0,20,204,1,1,1,140,5,75,2,0,-
500119,Praha 4,4020,1 052,826,816,10,8,12,43,36,10,0,16,2,0,0,23,250,1,3,0,211,22,159,7,3,-
500119,Praha 4,4021,721,464,461,6,4,7,22,19,0,0,12,1,0,0,12,170,1,1,2,120,12,72,0,0,-
500119,Praha 4,4022,687,439,432,2,0,11,13,14,0,0,7,1,1,0,17,160,1,1,1,108,4,88,3,0,-
500119,Praha 4,4023,777,577,572,4,1,7,24,12,0,0,14,1,1,0,12,241,1,1,0,170,10,72,1,0,-
500119,Praha 4,4024,780,558,545,7,1,6,25,29,1,0,12,0,2,0,13,226,1,0,2,117,7,95,1,0,-
500119,Praha 4,4025,574,385,378,3,1,10,17,16,0,1,13,1,1,1,22,129,0,1,1,91,8,62,0,0,-
500119,Praha 4,4026,712,472,463,5,1,4,28,16,1,0,5,0,0,0,15,195,0,1,0,126,5,61,0,0,-
500119,Praha 4,4027,748,520,515,6,1,2,30,16,1,0,11,0,0,0,17,199,2,0,0,115,9,105,0,1,-
500119,Praha 4,4028,529,361,359,6,1,2,20,14,1,0,2,1,0,0,10,168,3,1,1,69,10,48,1,1,-
500119,Praha 4,4029,560,423,417,1,1,0,24,25,2,1,6,0,0,0,11,155,0,0,2,85,7,96,0,1,-
500119,Praha 4,4030,636,448,448,6,1,1,8,17,1,0,9,1,1,0,13,179,1,0,1,97,11,98,2,1,-
500119,Praha 4,4031,549,367,364,2,5,2,12,8,0,0,9,0,1,0,16,132,1,0,1,81,14,77,3,0,-
500119,Praha 4,4032,614,415,414,5,0,5,21,20,0,0,11,5,1,0,11,150,1,1,0,111,10,61,1,0,-
500119,Praha 4,4033,785,562,557,6,2,5,16,18,0,0,17,0,1,0,29,216,2,2,0,135,13,93,2,0,-
500119,Praha 4,4034,620,428,426,3,1,0,16,12,1,0,8,0,0,0,13,186,3,0,0,118,7,57,1,0,-
500119,Praha 4,4035,524,390,389,7,0,4,20,11,0,0,5,2,0,0,15,166,0,0,0,95,8,53,3,0,-
500119,Praha 4,4036,867,625,621,6,1,3,31,30,0,0,13,1,2,0,34,195,1,1,1,110,34,157,0,1,-
500119,Praha 4,4037,886,648,646,8,0,7,26,30,0,0,18,2,0,1,30,231,0,0,2,104,52,135,0,0,-
500119,Praha 4,4038,703,504,496,10,2,1,21,12,0,2,20,1,1,0,8,181,1,0,1,150,9,76,0,0,-
500119,Praha 4,4039,497,354,349,4,1,1,19,15,1,1,10,2,1,2,14,110,0,0,0,84,6,74,4,0,-
500119,Praha 4,4040,920,694,685,7,1,3,28,30,0,0,21,1,1,1,21,236,2,0,2,147,18,165,1,0,-
500119,Praha 4,4041,759,559,552,5,1,2,23,17,2,0,11,1,0,0,25,214,1,2,1,117,10,120,0,0,-
500119,Praha 4,4042,756,499,496,4,0,5,18,31,1,0,4,0,0,0,24,175,1,0,3,120,10,97,2,1,-
500119,Praha 4,4043,679,475,473,2,4,9,22,28,1,1,11,0,3,0,16,170,0,1,1,105,12,87,0,0,-
500119,Praha 4,4044,720,538,532,9,2,3,30,22,1,0,12,0,1,0,20,197,0,0,1,125,12,97,0,0,-
500119,Praha 4,4045,555,378,373,5,1,1,14,17,2,0,8,1,0,0,10,156,1,0,0,90,3,64,0,0,-
500119,Praha 4,4046,434,282,280,2,1,0,11,15,0,0,9,1,0,0,15,109,2,0,0,65,5,45,0,0,-
500119,Praha 4,4047,606,455,452,2,1,5,15,28,1,0,11,0,0,0,13,174,0,0,0,109,11,82,0,0,-
500119,Praha 4,4048,641,483,480,4,0,6,21,27,0,0,13,1,0,0,12,195,1,2,0,85,17,92,3,1,-
500119,Praha 4,4049,784,558,558,9,0,6,19,20,1,0,6,0,6,0,21,236,4,1,2,109,15,101,2,0,-
500119,Praha 4,4050,845,614,605,5,2,4,32,28,1,0,12,0,1,0,19,235,1,0,1,130,14,118,2,0,-
500119,Praha 4,4051,583,458,452,2,2,0,23,27,0,0,14,0,0,1,14,166,0,0,0,108,10,81,4,0,-
500119,Praha 4,4052,766,519,518,3,1,1,23,22,0,0,7,1,1,0,17,207,1,0,0,107,15,110,2,0,-
500119,Praha 4,4053,679,480,473,5,2,4,18,37,0,0,21,1,0,0,14,178,2,0,0,69,13,109,0,0,-
500119,Praha 4,4054,650,461,457,3,2,3,29,17,0,0,10,0,2,1,13,158,1,0,1,110,14,91,2,0,-
500119,Praha 4,4055,698,511,507,2,1,4,25,27,0,0,12,0,0,0,17,178,0,1,1,100,13,125,1,0,-
500119,Praha 4,4056,571,385,383,3,0,3,9,23,1,0,8,0,2,0,15,128,0,0,0,75,7,107,2,0,-
500119,Praha 4,4057,572,392,386,3,0,1,25,18,0,0,9,0,0,0,15,137,2,1,1,62,19,93,0,0,-
500119,Praha 4,4058,563,387,381,3,1,2,16,27,0,1,6,1,0,0,6,144,2,0,0,92,15,63,1,1,-
500119,Praha 4,4059,804,653,648,5,1,2,31,17,1,0,13,0,1,0,21,339,0,0,2,109,9,97,0,0,-
500119,Praha 4,4060,703,571,568,8,1,2,9,17,1,3,4,0,1,0,16,282,1,0,1,140,4,77,1,0,-
500119,Praha 4,4061,744,561,555,2,3,3,29,16,0,2,17,1,1,0,23,213,1,0,4,118,8,108,5,1,-
500119,Praha 4,4062,777,541,535,3,1,2,31,35,0,2,24,0,0,0,16,209,0,1,0,90,14,107,0,0,-
500119,Praha 4,4063,701,546,541,4,4,6,12,16,1,0,10,0,0,0,23,240,1,1,0,113,6,101,3,0,-
500119,Praha 4,4064,841,580,579,7,1,5,23,54,2,1,12,0,0,0,23,191,1,2,3,136,10,104,3,1,-
500119,Praha 4,4065,451,323,322,1,1,3,14,16,0,0,6,0,1,0,7,118,0,1,0,67,11,74,2,0,-
500119,Praha 4,4066,418,322,321,1,0,0,13,16,1,0,0,2,0,0,13,115,0,0,0,92,2,65,1,0,-
500119,Praha 4,4067,615,415,409,5,2,4,16,24,1,1,11,0,0,0,15,170,0,1,0,82,6,71,0,0,-
500119,Praha 4,4068,631,425,422,9,2,4,19,10,0,1,7,0,1,0,15,163,1,0,0,86,8,96,0,0,-
500119,Praha 4,4069,629,484,481,4,1,3,21,17,0,0,10,0,0,1,21,182,0,0,0,136,14,71,0,0,-
500119,Praha 4,4070,687,493,488,5,2,2,25,23,1,0,19,2,1,0,14,185,0,0,1,116,7,83,1,1,-
500119,Praha 4,4071,725,521,518,3,1,6,12,16,0,0,15,0,0,0,20,178,0,0,1,148,14,102,2,0,-
500119,Praha 4,4072,609,415,407,2,0,6,22,16,1,1,12,1,0,0,9,147,0,0,0,97,11,81,1,0,-
500119,Praha 4,4073,677,470,465,9,0,1,23,23,0,0,13,0,3,0,22,175,1,0,0,113,8,72,2,0,-
500119,Praha 4,4074,623,499,493,4,1,3,19,12,0,2,14,2,0,0,9,235,0,0,1,85,9,97,0,0,-
500119,Praha 4,4075,738,526,513,6,0,1,22,23,1,1,13,0,2,0,16,227,0,1,0,104,5,90,1,0,-
500119,Praha 4,4076,906,742,736,4,1,4,31,26,0,1,12,0,0,2,12,294,1,3,1,179,30,131,3,1,-
500119,Praha 4,4077,1 120,799,793,2,4,3,29,23,0,0,20,5,0,1,27,316,1,0,0,164,7,189,2,0,-
500119,Praha 4,4078,589,461,460,2,2,2,11,26,0,0,15,1,0,0,9,196,2,1,0,87,8,97,1,0,-
500119,Praha 4,4079,472,354,353,1,1,5,15,10,0,0,16,0,1,1,18,148,0,0,0,68,10,59,0,0,-
500119,Praha 4,4080,965,653,646,2,2,4,23,26,1,0,23,1,0,1,22,259,4,0,1,142,19,114,2,0,-
500119,Praha 4,4081,591,394,390,1,2,4,16,22,1,1,4,2,0,0,21,133,2,0,0,75,12,92,2,0,-
500119,Praha 4,4082,783,569,563,6,1,2,23,31,1,0,13,3,2,0,23,190,2,0,2,111,21,131,0,1,-
500119,Praha 4,4083,543,351,349,5,2,1,18,25,0,0,6,0,0,0,19,130,2,0,0,55,5,80,1,0,-
500119,Praha 4,4084,658,457,453,5,0,3,30,25,0,0,10,0,0,0,16,161,1,1,2,99,10,89,1,0,-
500119,Praha 4,4085,694,471,467,5,0,2,20,27,1,0,7,2,0,0,23,162,1,0,1,80,12,123,0,1,-
500119,Praha 4,4086,637,445,441,3,1,3,15,33,0,0,11,1,1,0,18,160,1,0,2,86,16,90,0,0,-
500119,Praha 4,4087,632,420,414,2,1,4,30,5,0,1,15,0,0,0,19,136,0,0,1,88,9,102,0,1,-
500119,Praha 4,4088,812,566,553,4,2,1,29,30,0,0,21,2,1,0,17,224,1,0,0,91,11,119,0,0,-
500119,Praha 4,4089,748,548,544,7,0,14,42,23,0,0,9,2,0,0,20,198,0,0,1,111,5,107,5,0,-
500119,Praha 4,4090,923,680,675,5,0,5,43,32,0,0,25,1,2,0,23,229,0,0,3,144,26,137,0,0,-
500119,Praha 4,4091,608,396,390,6,1,2,19,16,0,1,15,2,0,0,21,160,3,0,0,59,10,70,5,0,-
500119,Praha 4,4092,577,446,446,6,1,1,24,23,0,0,2,0,0,0,29,153,0,2,1,82,7,112,3,0,-
500119,Praha 4,4093,672,488,483,4,0,2,20,20,1,0,17,1,0,0,26,172,1,0,1,88,25,104,1,0,-
500119,Praha 4,4094,700,538,536,5,2,2,29,25,0,0,8,0,0,0,13,201,0,2,0,108,15,125,1,0,-
500119,Praha 4,4095,646,444,438,6,1,8,20,11,0,0,8,1,2,0,13,178,1,1,1,102,6,78,0,1,-
500119,Praha 4,4096,742,532,516,2,1,5,16,34,1,0,14,1,0,1,13,192,1,0,0,101,12,121,1,0,-
500119,Praha 4,4097,648,493,488,1,2,0,17,15,1,6,15,0,1,0,10,201,0,1,0,154,6,58,0,0,-
500119,Praha 4,4098,872,618,602,7,1,3,17,17,1,0,15,0,0,0,13,258,0,0,1,170,3,95,1,0,-
500119,Praha 4,4099,645,476,475,2,1,3,24,19,0,0,14,0,0,0,9,194,4,1,1,120,10,71,2,0,-
500119,Praha 4,4100,750,539,529,5,1,3,15,13,0,0,13,2,0,0,14,216,0,1,1,169,6,69,1,0,-
500119,Praha 4,4101,536,400,396,5,1,0,14,7,0,0,9,1,0,0,10,182,0,0,0,113,3,51,0,0,-
500119,Praha 4,4102,914,710,704,6,1,5,23,13,1,0,16,0,0,0,15,314,0,0,0,181,14,114,0,1,-
500119,Praha 4,4103,769,568,562,5,3,2,15,20,0,1,11,0,0,0,14,246,0,0,0,146,6,89,3,1,-
500119,Praha 4,4104,662,457,449,2,5,5,20,8,0,0,10,0,0,0,5,201,0,0,1,120,7,65,0,0,-
500119,Praha 4,4105,663,518,514,7,1,4,22,16,0,0,9,3,1,0,9,219,2,0,2,153,2,64,0,0,-
500119,Praha 4,4106,965,767,760,9,3,6,22,21,0,2,17,1,1,0,22,384,0,0,3,170,11,85,1,2,-
500119,Praha 4,4107,657,494,491,8,0,3,21,26,0,0,16,0,0,1,8,184,2,0,0,114,12,94,2,0,-
500119,Praha 4,4108,541,402,397,5,1,4,10,19,2,0,11,0,0,0,17,141,0,1,0,108,10,68,0,0,-
500119,Praha 4,4109,1 059,819,814,6,3,3,26,27,1,0,18,3,1,0,20,394,0,0,0,178,12,118,3,1,-
500119,Praha 4,4110,823,650,646,4,0,1,28,12,0,1,12,0,0,0,18,294,0,2,1,147,6,118,2,0,-
500119,Praha 4,4111,780,641,635,2,2,3,12,16,0,0,14,1,0,0,20,302,1,0,2,168,10,81,1,0,-
500119,Praha 4,4112,755,620,617,7,3,4,17,16,4,1,9,2,1,0,7,276,0,0,0,159,7,100,3,1,-
500119,Praha 4,4113,885,703,695,4,1,4,31,19,0,0,18,0,2,0,8,327,2,0,0,186,10,82,0,1,-
500119,Praha 4,4114,775,520,515,1,0,3,18,16,0,0,11,0,0,0,12,223,0,0,0,159,5,67,0,0,-
500119,Praha 4,4115,639,425,421,5,1,6,20,14,2,0,9,1,1,0,10,170,1,0,0,118,2,55,5,1,-
500119,Praha 4,4116,688,475,472,5,0,3,27,22,1,0,14,0,0,0,9,176,1,0,1,111,10,90,2,0,-
500119,Praha 4,4117,496,337,331,4,0,1,9,7,3,0,10,0,1,0,7,145,0,0,1,79,4,57,3,0,-
500119,Praha 4,4118,693,534,531,1,2,3,24,14,0,1,17,2,1,0,9,220,1,1,0,133,7,95,0,0,-
500119,Praha 4,4119,712,536,527,4,3,1,16,29,3,0,12,1,0,0,13,214,1,1,0,116,15,97,1,0,-
500119,Praha 4,4120,729,516,512,7,0,7,25,14,1,0,6,1,0,0,21,200,1,0,3,101,10,114,1,0,-
500119,Praha 4,4121,791,577,572,2,2,4,21,18,0,0,17,3,2,0,12,231,1,0,1,109,19,128,2,0,-
500119,Praha 4,4122,679,452,446,0,3,2,26,28,4,0,12,3,0,0,24,146,0,0,1,75,7,111,4,0,-
500119,Praha 4,4123,671,437,434,4,0,3,12,34,0,0,10,1,0,0,11,178,0,0,0,73,10,95,3,0,-
500119,Praha 4,4124,589,381,378,2,0,0,15,20,0,0,9,0,1,0,14,137,1,2,0,80,9,88,0,0,-
500119,Praha 4,4125,690,483,481,2,1,5,18,24,0,0,12,0,2,0,10,184,2,0,1,76,14,127,3,0,-
500119,Praha 4,4126,751,538,533,4,1,4,25,29,0,0,10,0,0,1,19,185,0,0,2,106,16,127,4,0,-
500119,Praha 4,4127,866,639,637,4,0,3,26,31,0,0,15,3,0,0,19,293,2,1,0,106,15,118,1,0,-
500119,Praha 4,4128,607,457,457,5,0,0,14,15,0,1,8,1,1,0,12,228,1,0,1,81,9,80,0,0,-
500119,Praha 4,4129,593,452,452,4,3,6,23,20,0,0,14,2,0,0,13,205,0,1,0,85,7,68,1,0,-
500119,Praha 4,4130,689,523,516,6,3,6,26,22,0,0,20,0,0,0,28,207,0,0,1,135,8,54,0,0,-
500119,Praha 4,4131,728,585,579,4,0,7,25,12,0,0,14,0,0,0,18,290,0,0,0,134,5,68,2,0,-
500119,Praha 4,4132,3 077,526,510,6,2,3,46,12,2,4,25,0,1,0,19,212,0,2,2,117,11,43,3,0,-
500143,Praha 5,5001,425,277,271,2,0,2,10,9,0,0,3,0,0,0,5,123,0,0,2,87,5,23,0,0,-
500143,Praha 5,5002,328,258,256,3,0,0,1,9,0,0,3,0,0,0,6,106,3,1,2,88,1,32,1,0,-
500143,Praha 5,5003,407,288,285,3,1,0,7,6,0,0,5,0,0,0,2,145,1,0,1,75,3,35,1,0,-
500143,Praha 5,5004,339,193,192,3,0,3,4,6,0,0,6,0,0,0,6,88,1,0,0,49,1,25,0,0,-
500143,Praha 5,5005,348,244,242,6,0,1,12,13,0,2,5,0,1,0,1,121,0,0,4,46,3,27,0,0,-
500143,Praha 5,5006,396,286,284,4,0,1,11,9,0,0,11,0,0,1,13,97,1,1,0,81,3,50,1,0,-
500143,Praha 5,5007,351,225,222,4,1,1,11,4,0,0,5,0,1,0,5,88,0,0,0,75,4,23,0,0,-
500143,Praha 5,5008,2 517,456,453,5,1,13,42,10,1,0,15,0,1,1,15,183,0,0,1,118,3,44,0,0,-
500143,Praha 5,5009,538,378,368,4,0,4,19,10,0,2,11,0,0,0,9,164,0,0,0,89,3,52,1,0,-
500143,Praha 5,5010,487,321,318,4,0,0,14,13,0,0,2,0,1,0,7,150,0,0,1,85,0,39,1,1,-
500143,Praha 5,5011,548,370,367,4,0,1,9,5,0,0,4,0,1,0,18,179,0,0,0,105,4,36,1,0,-
500143,Praha 5,5012,530,385,378,5,2,1,16,11,0,0,11,0,0,0,9,170,0,0,1,114,3,35,0,0,-
500143,Praha 5,5013,448,286,285,5,0,3,11,12,0,0,8,0,0,0,9,128,0,0,0,73,4,30,2,0,-
500143,Praha 5,5014,511,327,322,2,1,3,19,11,0,0,9,0,0,1,16,138,0,0,2,80,7,31,1,1,-
500143,Praha 5,5015,579,347,342,1,0,2,12,9,0,0,14,1,0,0,11,133,0,1,1,98,6,51,2,0,-
500143,Praha 5,5016,469,267,265,2,1,0,16,4,1,0,15,0,0,0,3,108,0,0,1,78,1,34,1,0,-
500143,Praha 5,5017,613,441,436,6,1,3,16,18,1,1,11,1,0,3,18,169,0,0,0,127,6,53,2,0,-
500143,Praha 5,5018,527,372,368,4,0,2,14,12,0,2,7,0,1,0,15,158,0,0,0,82,6,63,2,0,-
500143,Praha 5,5019,521,390,386,8,1,0,26,12,0,1,6,0,2,0,15,160,3,0,0,71,9,71,1,0,-
500143,Praha 5,5020,656,498,496,4,1,3,11,20,0,0,16,3,2,0,22,192,1,2,0,122,10,87,0,0,-
500143,Praha 5,5021,775,497,493,9,3,2,26,18,0,1,18,0,0,0,15,204,0,1,1,126,4,61,3,1,-
500143,Praha 5,5022,633,431,423,2,1,5,18,18,1,0,7,0,0,0,11,181,0,0,1,102,10,66,0,0,-
500143,Praha 5,5023,460,289,283,2,0,2,14,5,1,0,7,0,0,0,7,125,0,0,1,82,6,31,0,0,-
500143,Praha 5,5024,736,557,553,4,0,3,18,27,1,0,18,3,0,0,18,248,1,1,0,140,5,66,0,0,-
500143,Praha 5,5025,798,589,584,10,2,4,17,13,0,0,13,0,0,0,22,257,0,0,2,160,6,78,0,0,-
500143,Praha 5,5026,851,506,502,5,3,4,19,15,0,0,14,0,0,0,16,233,0,0,0,134,6,52,1,0,-
500143,Praha 5,5027,683,509,499,1,1,2,8,11,0,0,15,2,0,3,13,227,2,0,2,152,3,57,0,0,-
500143,Praha 5,5028,546,400,399,1,2,0,16,16,0,1,6,0,0,0,14,182,0,1,0,84,6,69,1,0,-
500143,Praha 5,5029,708,514,510,5,4,0,13,24,0,0,13,0,0,2,18,232,1,0,1,138,7,52,0,0,-
500143,Praha 5,5030,539,375,368,6,0,2,24,15,1,0,8,1,1,1,12,168,0,0,0,84,6,38,0,1,-
500143,Praha 5,5031,505,326,321,7,2,2,14,13,1,0,10,1,0,0,5,110,1,0,0,99,4,49,3,0,-
500143,Praha 5,5032,433,242,240,2,0,3,3,8,1,0,5,1,1,0,6,80,0,0,0,92,2,34,2,0,-
500143,Praha 5,5033,660,445,441,3,0,4,17,16,0,0,14,0,2,0,13,202,2,0,0,121,6,38,3,0,-
500143,Praha 5,5034,635,349,346,5,2,5,18,10,0,0,6,0,1,1,5,152,0,0,0,94,7,40,0,0,-
500143,Praha 5,5035,844,651,644,3,2,3,13,21,1,0,18,0,1,0,18,302,2,0,1,160,11,86,1,1,-
500143,Praha 5,5036,713,578,575,4,2,4,14,7,0,0,12,0,0,0,13,263,0,0,4,173,3,74,2,0,-
500143,Praha 5,5037,996,775,769,10,2,5,21,19,0,1,14,0,0,0,12,374,1,0,2,168,16,124,0,0,-
500143,Praha 5,5038,493,371,371,2,0,1,12,20,0,0,10,0,0,0,7,168,1,0,1,85,9,54,1,0,-
500143,Praha 5,5039,450,316,316,1,0,1,10,11,0,0,5,1,1,0,10,135,0,0,1,88,3,49,0,0,-
500143,Praha 5,5040,482,284,279,0,1,2,10,16,0,1,7,1,0,0,8,113,0,0,0,76,6,37,1,0,-
500143,Praha 5,5041,646,402,396,6,1,6,18,15,0,2,12,0,1,0,7,186,0,0,2,93,6,40,0,1,-
500143,Praha 5,5042,460,291,288,2,1,0,10,7,0,1,6,0,0,0,6,117,1,0,0,97,1,39,0,0,-
500143,Praha 5,5043,641,484,477,6,0,3,17,15,0,2,3,1,1,0,5,215,0,0,1,119,8,77,4,0,-
500143,Praha 5,5044,1 048,810,801,6,5,8,37,24,1,1,18,1,3,0,28,361,0,2,5,153,17,129,2,0,-
500143,Praha 5,5045,719,522,520,4,1,1,19,24,1,1,9,1,0,0,11,218,0,1,0,121,14,94,0,0,-
500143,Praha 5,5046,899,655,649,7,2,6,34,32,1,0,15,0,0,0,26,270,2,1,2,126,12,112,1,0,-
500143,Praha 5,5047,856,689,680,4,4,7,21,24,0,0,20,0,2,0,17,296,3,0,1,146,19,112,4,0,-
500143,Praha 5,5048,665,461,454,8,0,5,24,20,1,0,10,1,0,2,15,150,0,2,0,116,10,88,0,2,-
500143,Praha 5,5049,693,461,452,11,0,1,23,16,1,1,10,0,1,1,13,197,0,0,0,105,4,66,2,0,-
500143,Praha 5,5050,778,434,429,6,2,9,28,15,0,1,16,0,0,0,8,166,1,1,1,115,5,52,3,0,-
500143,Praha 5,5051,710,538,537,4,5,2,31,24,3,1,16,0,0,0,16,206,1,0,0,160,12,55,1,0,-
500143,Praha 5,5052,651,485,484,6,1,3,24,10,0,0,16,0,1,0,11,197,2,0,1,154,4,54,0,0,-
500143,Praha 5,5053,1 217,971,962,4,2,4,34,27,1,0,23,0,2,0,26,434,1,0,0,290,7,105,1,1,-
500143,Praha 5,5054,881,699,691,5,0,10,24,26,0,0,15,0,0,0,14,296,2,0,0,201,11,85,2,0,-
500143,Praha 5,5055,740,513,513,0,1,6,43,19,0,2,20,0,1,0,16,212,1,0,2,105,13,71,1,0,-
500143,Praha 5,5056,377,242,239,3,0,1,17,9,0,0,3,0,1,0,7,78,0,1,3,70,6,39,1,0,-
500143,Praha 5,5057,498,287,285,4,4,2,14,7,0,1,5,0,0,0,10,131,3,1,1,61,4,35,2,0,-
500143,Praha 5,5058,836,640,625,4,0,3,23,19,0,0,13,0,0,0,23,272,1,0,0,136,12,118,1,0,-
500143,Praha 5,5059,687,537,529,5,1,0,29,14,2,2,12,1,1,0,24,199,0,0,1,117,11,107,2,1,-
500143,Praha 5,5060,1 056,821,816,5,5,4,28,24,0,0,20,0,3,0,23,396,0,4,2,190,5,104,2,1,-
500143,Praha 5,5061,983,794,788,8,0,3,18,25,0,2,19,1,0,0,16,370,1,3,0,213,13,96,0,0,-
500143,Praha 5,5062,1 385,1 082,1 075,8,2,7,29,26,1,0,25,0,2,0,29,527,1,0,2,267,7,140,2,0,-
500143,Praha 5,5063,822,645,637,6,1,8,24,21,1,0,12,2,0,0,20,256,0,2,0,154,9,120,1,0,-
500143,Praha 5,5064,349,244,236,1,0,2,11,15,0,0,13,2,1,0,3,96,1,0,1,50,1,38,1,0,-
500143,Praha 5,5065,1 040,820,811,20,3,1,36,16,1,0,16,0,0,0,19,363,2,0,1,202,9,120,2,0,-
500143,Praha 5,5066,1 423,1 057,1 050,4,0,9,40,26,2,1,26,1,1,0,29,468,3,0,1,278,8,150,2,1,-
500143,Praha 5,5067,658,499,493,0,0,2,23,17,0,1,10,0,0,0,15,230,0,0,1,110,6,76,1,1,-
500143,Praha 5,5068,741,537,531,5,0,2,34,34,0,0,11,1,1,0,13,189,0,0,0,130,10,101,0,0,-
500143,Praha 5,5069,757,539,532,8,0,2,22,29,1,0,12,0,2,0,20,186,0,1,0,101,26,121,0,1,-
500143,Praha 5,5070,994,721,720,6,2,2,31,41,1,1,18,1,0,0,25,278,1,1,1,170,23,115,3,0,-
500143,Praha 5,5071,769,527,520,8,0,2,21,25,0,0,12,2,0,0,19,161,0,0,2,121,28,116,1,2,-
500143,Praha 5,5072,853,619,613,12,3,2,31,25,1,0,20,4,1,3,18,245,1,1,0,154,15,76,1,0,-
500143,Praha 5,5073,764,568,562,4,3,5,29,26,0,1,16,0,0,0,19,215,1,1,0,131,9,102,0,0,-
500143,Praha 5,5074,1 143,857,840,8,3,6,37,26,0,2,35,1,2,0,26,360,3,0,0,197,7,125,2,0,-
500143,Praha 5,5075,888,570,570,9,2,7,24,30,0,0,20,0,0,1,21,188,1,0,1,115,14,131,6,0,-
500143,Praha 5,5076,950,739,728,11,1,5,38,24,0,0,27,4,1,0,21,301,0,0,2,188,12,93,0,0,-
500143,Praha 5,5077,858,659,650,8,2,5,38,26,0,1,20,1,1,0,18,223,1,0,0,160,25,118,3,0,-
500143,Praha 5,5078,835,591,583,2,1,6,29,28,0,0,12,0,1,0,22,231,1,0,0,140,7,102,1,0,-
500143,Praha 5,5079,799,529,522,7,1,8,31,21,1,1,11,1,1,0,18,215,1,0,2,125,6,70,0,2,-
500143,Praha 5,5080,1 059,785,778,8,1,4,24,19,0,2,19,3,0,0,23,372,0,1,1,181,12,105,3,0,-
500143,Praha 5,5081,1 235,924,905,9,3,10,49,26,1,1,37,0,1,0,29,407,0,1,2,198,8,123,0,0,-
500178,Praha 6,6001,630,478,474,6,1,0,27,11,1,1,10,0,1,0,14,192,0,0,0,131,9,68,1,1,-
500178,Praha 6,6002,711,526,519,8,1,2,24,14,0,0,19,0,1,1,17,212,0,0,1,136,9,74,0,0,-
500178,Praha 6,6003,713,549,544,5,1,6,13,26,0,0,11,2,0,0,13,223,0,0,0,155,5,79,5,0,-
500178,Praha 6,6004,1 004,781,773,10,3,4,27,26,4,1,21,1,0,1,15,323,1,0,2,211,17,105,1,0,-
500178,Praha 6,6005,830,633,624,5,1,4,22,22,0,1,25,0,2,0,10,274,2,0,4,184,9,57,2,0,-
500178,Praha 6,6006,568,528,526,8,1,2,11,26,0,0,9,0,0,0,10,218,4,0,0,177,6,54,0,0,-
500178,Praha 6,6007,524,397,394,1,0,1,20,17,0,1,13,0,2,0,11,180,3,0,3,112,4,25,1,0,-
500178,Praha 6,6008,850,660,654,14,0,2,23,16,1,0,14,0,1,0,7,258,0,2,0,226,13,76,1,0,-
500178,Praha 6,6009,890,689,688,5,0,9,16,20,1,1,18,2,0,0,4,288,1,1,0,218,8,94,2,0,-
500178,Praha 6,6010,641,471,470,10,1,5,15,19,2,0,7,0,0,0,10,202,0,1,0,156,3,39,0,0,-
500178,Praha 6,6011,816,649,640,6,2,6,27,20,0,1,11,0,0,1,13,253,0,0,1,213,14,72,0,0,-
500178,Praha 6,6012,657,485,480,4,1,0,14,16,2,0,10,1,1,0,5,192,2,0,1,167,4,58,2,0,-
500178,Praha 6,6013,388,306,302,7,0,5,11,6,0,0,3,1,1,0,7,132,0,0,0,103,2,24,0,0,-
500178,Praha 6,6014,2 699,831,814,9,4,8,39,19,2,0,21,2,2,0,23,320,0,0,2,243,6,109,4,1,-
500178,Praha 6,6015,706,517,515,3,0,1,24,9,0,1,20,1,0,0,17,201,0,1,0,164,10,62,0,1,-
500178,Praha 6,6016,501,375,372,4,0,8,16,8,2,0,7,0,0,0,5,170,1,1,3,96,4,47,0,0,-
500178,Praha 6,6017,602,436,429,6,0,1,10,13,0,2,8,0,1,0,11,199,1,0,0,132,6,37,2,0,-
500178,Praha 6,6018,617,466,461,5,3,0,14,13,0,0,9,1,0,0,11,199,1,0,0,138,5,61,1,0,-
500178,Praha 6,6019,446,318,313,2,0,1,9,15,0,1,5,1,1,0,6,131,0,0,0,80,7,54,0,0,-
500178,Praha 6,6020,773,613,608,8,3,1,19,24,0,0,15,1,0,0,12,260,0,0,1,202,10,52,0,0,-
500178,Praha 6,6021,610,465,460,5,0,8,10,6,0,0,10,0,0,1,12,220,0,0,0,137,3,47,0,1,-
500178,Praha 6,6022,645,499,489,6,2,4,15,37,0,0,12,0,1,0,12,203,0,0,0,120,20,56,1,0,-
500178,Praha 6,6023,598,478,477,4,0,2,13,21,1,0,13,1,3,0,5,196,0,0,1,139,10,67,0,1,-
500178,Praha 6,6024,1 078,813,810,11,2,0,23,21,0,0,30,0,1,1,13,382,1,2,1,226,9,86,0,1,-
500178,Praha 6,6025,819,663,657,4,0,3,14,35,0,0,16,0,1,1,21,296,3,1,0,171,10,79,1,1,-
500178,Praha 6,6026,1 056,867,856,8,0,3,16,41,0,0,16,0,1,0,23,364,1,0,2,252,12,115,1,1,-
500178,Praha 6,6027,666,541,539,4,0,1,10,15,0,0,11,0,2,0,14,260,0,0,0,167,8,47,0,0,-
500178,Praha 6,6028,603,480,473,8,1,7,12,6,0,1,10,0,4,0,11,223,2,0,1,133,3,51,0,0,-
500178,Praha 6,6029,441,374,374,1,0,1,16,8,0,0,2,2,1,1,7,174,0,0,4,108,1,47,1,0,-
500178,Praha 6,6030,662,561,553,11,2,5,21,13,1,0,11,0,1,0,13,286,0,0,0,146,4,39,0,0,-
500178,Praha 6,6031,680,559,557,6,0,2,19,17,1,2,15,0,0,0,16,231,3,0,0,170,7,65,3,0,-
500178,Praha 6,6032,638,519,516,6,0,3,12,7,0,0,12,2,0,0,12,236,0,1,2,135,8,78,0,2,-
500178,Praha 6,6033,584,427,425,11,0,4,19,5,0,0,7,0,0,0,11,195,0,0,0,111,4,58,0,0,-
500178,Praha 6,6034,1 371,1 060,1 053,4,2,13,38,29,0,0,41,2,4,1,29,413,4,1,0,260,26,184,2,0,-
500178,Praha 6,6035,685,586,581,6,1,1,13,27,0,0,16,1,0,0,15,245,0,0,1,154,13,86,0,2,-
500178,Praha 6,6036,649,499,494,2,0,0,23,17,1,0,13,0,1,0,12,245,3,0,1,101,11,64,0,0,-
500178,Praha 6,6037,628,478,477,4,0,4,10,16,0,0,10,0,0,0,17,222,0,0,0,126,8,57,3,0,-
500178,Praha 6,6038,584,459,458,2,0,2,9,12,0,0,11,2,2,0,15,212,0,0,0,131,1,59,0,0,-
500178,Praha 6,6039,487,381,379,9,0,3,14,6,0,0,7,0,0,0,6,179,0,0,1,111,3,38,2,0,-
500178,Praha 6,6040,602,427,421,4,0,2,19,28,0,0,8,0,0,0,13,136,0,0,2,93,21,95,0,0,-
500178,Praha 6,6041,425,342,333,7,0,3,4,14,0,0,4,1,0,0,7,143,0,0,1,101,7,41,0,0,-
500178,Praha 6,6042,690,569,564,6,0,2,29,20,2,0,13,0,1,0,10,224,1,1,0,139,12,101,3,0,-
500178,Praha 6,6043,662,532,529,5,0,5,16,13,2,0,15,0,1,0,6,246,2,1,1,148,4,62,2,0,-
500178,Praha 6,6044,617,488,485,4,3,3,15,11,0,0,15,0,0,0,14,225,0,0,1,126,4,63,0,1,-
500178,Praha 6,6045,773,621,611,7,1,1,16,17,1,1,15,0,0,0,8,306,0,0,0,169,2,63,4,0,-
500178,Praha 6,6046,763,633,630,5,0,1,21,22,0,0,21,2,2,0,20,306,3,0,0,146,10,71,0,0,-
500178,Praha 6,6047,558,403,398,3,0,1,15,32,0,0,12,0,0,0,16,161,2,0,1,93,6,55,1,0,-
500178,Praha 6,6048,833,588,584,8,2,8,27,25,0,0,12,1,1,0,16,219,1,0,1,149,23,90,1,0,-
500178,Praha 6,6049,1 007,741,732,11,1,3,32,39,0,0,10,0,0,0,28,244,1,2,1,125,80,155,0,0,-
500178,Praha 6,6050,1 010,761,750,13,0,6,36,30,0,0,24,1,3,1,32,266,1,3,0,147,45,140,2,0,-
500178,Praha 6,6051,529,386,382,4,1,1,16,16,0,0,8,0,0,0,17,143,0,0,0,103,5,67,1,0,-
500178,Praha 6,6052,572,414,410,7,0,1,16,17,0,0,12,0,0,0,6,138,1,0,2,120,18,71,1,0,-
500178,Praha 6,6053,772,482,478,7,0,3,23,21,0,2,7,0,0,0,12,183,0,0,0,143,12,64,1,0,-
500178,Praha 6,6054,615,354,348,4,1,1,25,24,1,0,9,0,1,0,21,121,0,0,1,69,4,65,1,0,-
500178,Praha 6,6055,476,363,359,3,0,4,6,9,0,0,8,0,0,0,13,151,0,0,1,96,9,59,0,0,-
500178,Praha 6,6056,694,517,513,5,0,3,17,14,0,0,14,0,1,0,17,222,0,0,1,173,2,43,1,0,-
500178,Praha 6,6057,1 138,809,805,5,1,4,26,10,0,0,8,0,1,0,15,418,0,0,0,234,2,79,1,1,-
500178,Praha 6,6058,678,505,501,6,0,0,15,10,1,0,13,1,0,0,13,188,0,1,2,150,12,89,0,0,-
500178,Praha 6,6059,426,309,306,4,1,2,10,8,0,0,3,1,0,0,7,122,0,0,1,108,11,27,0,1,-
500178,Praha 6,6060,577,432,429,8,2,2,12,18,0,0,8,1,0,0,7,175,0,1,0,122,2,69,2,0,-
500178,Praha 6,6061,448,301,298,2,0,2,9,7,0,0,5,1,1,0,10,122,0,0,0,89,5,45,0,0,-
500178,Praha 6,6062,674,499,496,6,1,2,13,13,0,0,19,0,0,1,13,214,1,0,3,143,9,58,0,0,-
500178,Praha 6,6063,752,602,598,12,1,3,17,18,0,3,11,0,0,0,14,282,1,1,1,167,9,56,2,0,-
500178,Praha 6,6064,561,418,411,3,0,0,12,7,0,0,8,4,2,0,5,177,1,0,0,124,5,63,0,0,-
500178,Praha 6,6065,686,556,550,3,1,6,13,18,0,0,22,0,0,0,10,274,1,0,0,112,15,75,0,0,-
500178,Praha 6,6066,942,721,705,2,1,2,23,25,0,0,9,0,0,3,23,325,0,0,0,170,20,100,1,1,-
500178,Praha 6,6067,653,503,498,1,1,2,20,19,0,0,13,0,0,0,20,222,1,0,1,108,12,77,0,1,-
500178,Praha 6,6068,420,327,319,3,0,1,21,10,0,0,6,0,1,0,14,130,0,1,1,52,12,67,0,0,-
500178,Praha 6,6069,1 011,766,762,5,0,1,37,23,0,0,17,0,1,0,24,331,0,2,1,198,8,112,2,0,-
500178,Praha 6,6070,1 455,1 058,1 049,16,2,6,43,46,3,0,29,2,2,1,46,437,1,1,2,228,16,162,4,2,-
500178,Praha 6,6071,891,573,570,6,2,4,33,25,1,1,11,1,0,0,26,167,0,1,2,99,33,158,0,0,-
500178,Praha 6,6072,870,584,579,3,1,4,27,32,0,0,15,0,0,0,25,217,0,0,3,110,16,124,1,1,-
500178,Praha 6,6073,687,477,475,4,0,2,20,29,1,0,10,1,1,0,21,148,2,0,1,74,22,138,0,1,-
500178,Praha 6,6074,1 055,849,844,5,0,1,31,38,1,3,30,0,2,0,28,365,0,0,1,190,16,131,1,1,-
500178,Praha 6,6075,827,647,643,8,1,5,23,35,0,0,7,0,0,0,23,226,1,1,2,174,17,120,0,0,-
500178,Praha 6,6076,614,491,485,8,1,8,20,20,0,1,13,0,0,0,15,188,0,0,5,124,6,76,0,0,-
500178,Praha 6,6077,644,496,486,9,2,5,25,16,0,0,13,0,1,1,10,203,0,0,0,144,4,53,0,0,-
500178,Praha 6,6078,681,480,480,5,3,0,30,20,1,1,7,0,2,0,19,143,1,0,0,116,28,102,0,2,-
500178,Praha 6,6079,1 024,771,761,10,0,2,30,21,1,2,15,0,1,0,14,334,1,0,2,179,32,116,1,0,-
500178,Praha 6,6080,967,774,764,3,0,4,38,19,0,0,8,0,4,0,16,369,0,0,1,180,12,109,0,1,-
500178,Praha 6,6081,983,714,699,0,2,2,19,36,0,1,21,0,3,2,22,275,1,0,0,187,14,114,0,0,-
500178,Praha 6,6082,581,424,419,2,1,2,20,12,1,1,8,0,1,0,20,143,2,1,1,111,14,79,0,0,-
500178,Praha 6,6083,487,341,329,2,1,0,10,13,1,0,10,0,0,0,11,123,0,0,0,74,10,74,0,0,-
500178,Praha 6,6084,588,400,395,3,0,2,15,16,1,0,5,1,0,0,16,151,0,0,0,81,17,85,1,1,-
500178,Praha 6,6085,600,420,416,5,2,1,20,19,0,0,10,0,1,0,15,156,1,1,0,85,13,86,1,0,-
500178,Praha 6,6086,406,268,268,5,1,0,24,15,0,1,2,0,0,0,6,76,1,0,0,82,6,48,1,0,-
500178,Praha 6,6087,652,460,455,5,1,4,16,19,0,0,10,1,1,0,15,183,2,0,0,104,21,71,1,1,-
500178,Praha 6,6088,781,600,595,5,1,3,25,13,1,0,20,0,1,0,15,273,0,0,1,149,16,72,0,0,-
500178,Praha 6,6089,679,522,519,4,1,1,13,17,0,0,21,0,0,0,12,210,2,0,1,151,10,73,2,1,-
500178,Praha 6,6090,597,441,441,7,1,2,18,16,1,0,11,0,0,1,8,177,1,0,0,126,7,64,1,0,-
500178,Praha 6,6091,719,559,557,1,5,2,18,21,0,0,18,0,0,0,19,267,0,0,0,135,11,56,4,0,-
500178,Praha 6,6092,737,561,558,7,1,6,25,24,1,1,16,1,0,1,16,223,0,1,0,145,10,78,1,1,-
500178,Praha 6,6093,539,387,383,3,0,0,8,20,2,0,9,0,0,1,8,151,0,0,0,108,9,63,1,0,-
500178,Praha 6,6094,432,330,327,1,4,3,17,14,0,1,10,1,2,0,14,120,0,0,0,93,7,39,0,1,-
500178,Praha 6,6095,619,477,472,2,2,4,25,28,1,2,17,0,0,0,20,161,0,0,1,106,21,81,1,0,-
500178,Praha 6,6096,1 112,856,845,6,4,5,35,50,1,1,26,0,0,0,15,359,1,0,2,208,18,112,0,2,-
500178,Praha 6,6097,517,406,400,4,0,2,15,15,1,1,7,0,1,0,12,175,1,0,0,114,8,42,2,0,-
500178,Praha 6,6098,520,403,400,5,2,1,10,8,0,0,9,2,0,0,12,152,0,1,1,114,11,71,1,0,-
500178,Praha 6,6099,588,432,430,4,1,4,17,27,0,0,5,1,0,0,10,164,0,0,0,106,18,73,0,0,-
500178,Praha 6,6100,477,330,325,1,3,3,15,13,0,0,4,0,0,0,9,144,0,3,0,70,9,51,0,0,-
500178,Praha 6,6101,658,507,503,5,0,2,18,18,1,0,13,0,0,0,10,179,1,0,0,144,18,93,1,0,-
500178,Praha 6,6102,361,267,263,1,0,3,11,14,0,1,3,1,1,0,9,96,0,0,1,73,8,41,0,0,-
500178,Praha 6,6103,826,608,602,2,1,3,26,22,0,0,10,1,2,1,18,236,0,0,0,172,15,93,0,0,-
500178,Praha 6,6104,254,205,204,4,0,0,17,9,0,0,5,1,0,0,4,80,1,0,1,48,5,29,0,0,-
500186,Praha 7,7001,932,668,655,7,2,8,26,10,0,0,12,0,1,0,19,249,1,0,2,217,9,91,1,0,-
500186,Praha 7,7002,1 285,791,785,18,2,9,33,18,0,1,22,1,0,0,18,348,2,1,2,211,8,91,0,0,-
500186,Praha 7,7003,1 041,684,673,7,3,2,24,28,0,0,18,1,0,0,12,271,1,0,1,184,6,114,1,0,-
500186,Praha 7,7004,1 750,1 135,1 120,13,1,5,35,33,0,1,32,0,2,0,23,517,0,3,1,308,9,132,5,0,-
500186,Praha 7,7005,1 075,744,734,12,2,9,28,24,0,0,24,0,0,0,19,266,0,0,2,214,9,121,2,2,-
500186,Praha 7,7006,798,543,534,4,0,1,16,12,0,0,15,1,1,0,19,238,1,0,1,150,5,69,1,0,-
500186,Praha 7,7007,1 848,830,817,6,6,9,49,17,1,1,22,2,0,1,17,343,0,0,3,239,3,96,2,0,-
500186,Praha 7,7008,826,538,533,5,0,1,20,16,0,0,12,0,1,0,13,222,1,0,1,158,12,68,0,3,-
500186,Praha 7,7009,982,682,674,7,5,4,34,27,0,1,16,0,1,1,20,245,0,0,2,190,12,107,2,0,-
500186,Praha 7,7010,754,547,541,10,0,2,32,23,1,0,15,1,0,0,13,190,5,0,1,176,8,64,0,0,-
500186,Praha 7,7011,905,670,660,7,2,6,27,30,1,1,11,0,1,0,12,265,2,0,0,165,12,116,2,0,-
500186,Praha 7,7012,863,558,554,9,0,2,22,21,1,0,13,0,4,2,12,219,1,0,0,153,6,89,0,0,-
500186,Praha 7,7013,884,644,643,8,1,2,17,24,0,0,10,0,0,2,10,254,2,0,3,219,13,76,2,0,-
500186,Praha 7,7014,719,491,485,12,1,4,22,25,1,0,17,1,1,0,11,202,0,0,0,127,9,52,0,0,-
500186,Praha 7,7015,777,535,532,2,4,5,16,19,0,2,13,3,0,0,16,224,2,0,3,143,7,73,0,0,-
500186,Praha 7,7016,820,629,622,6,1,4,20,28,0,3,12,1,0,0,25,245,0,1,0,181,11,80,1,3,-
500186,Praha 7,7017,644,498,491,4,0,3,12,25,1,0,17,0,0,0,11,212,2,0,1,152,5,46,0,0,-
500186,Praha 7,7018,632,491,486,8,0,8,27,14,0,0,14,0,0,0,10,224,1,0,0,116,7,57,0,0,-
500186,Praha 7,7019,722,519,516,5,0,0,12,12,1,0,13,1,1,1,13,240,2,0,1,157,3,54,0,0,-
500186,Praha 7,7020,695,495,491,8,1,0,21,13,0,0,13,1,1,0,10,175,0,1,2,179,9,57,0,0,-
500186,Praha 7,7021,874,678,676,11,4,6,24,27,0,0,21,0,0,0,9,263,1,0,0,229,7,72,2,0,-
500186,Praha 7,7022,708,478,475,9,0,6,7,14,0,0,6,0,0,0,6,202,0,1,0,176,5,43,0,0,-
500186,Praha 7,7023,675,486,480,9,0,6,16,11,0,0,6,1,1,1,11,203,0,0,0,161,4,48,2,0,-
500186,Praha 7,7024,815,604,596,10,0,2,13,10,0,0,6,0,0,0,12,234,0,1,2,247,6,53,0,0,-
500186,Praha 7,7025,646,475,473,8,0,7,9,16,0,0,8,0,1,0,8,191,1,0,1,164,2,56,0,1,-
500186,Praha 7,7026,671,505,496,8,0,4,19,13,0,1,4,1,0,0,10,202,1,0,0,184,1,47,0,1,-
500186,Praha 7,7027,832,633,630,9,2,5,13,17,0,0,13,0,0,0,10,271,1,1,1,219,9,59,0,0,-
500186,Praha 7,7028,702,543,541,8,3,5,19,10,1,1,6,0,1,0,12,240,1,1,0,175,4,52,2,0,-
500186,Praha 7,7029,623,478,472,6,0,0,14,18,0,0,12,0,0,0,13,196,0,0,0,142,14,56,1,0,-
500186,Praha 7,7030,884,667,657,8,1,7,20,23,0,1,12,0,0,0,9,272,0,1,0,205,9,87,2,0,-
500186,Praha 7,7031,791,583,570,9,1,6,17,22,2,1,12,0,0,0,12,251,0,0,0,174,9,52,1,1,-
500186,Praha 7,7032,721,546,537,7,0,5,32,14,0,0,11,0,0,0,8,223,0,0,1,164,8,63,1,0,-
500186,Praha 7,7033,644,443,439,11,4,5,13,14,1,0,7,0,0,0,12,189,0,0,0,133,7,41,1,1,-
500186,Praha 7,7034,380,287,282,3,0,1,11,6,2,0,2,0,0,0,4,117,0,0,1,100,2,32,1,0,-
500186,Praha 7,7035,723,539,530,15,1,5,10,15,1,0,23,0,2,0,5,173,1,1,0,210,4,63,1,0,-
500186,Praha 7,7036,578,413,409,6,0,2,15,10,0,0,8,0,0,0,5,162,0,1,0,136,4,60,0,0,-
500208,Praha 8,8001,404,268,268,4,0,3,12,8,0,1,5,0,0,0,4,122,0,0,0,79,3,27,0,0,-
500208,Praha 8,8002,457,305,297,3,3,4,11,7,0,1,8,0,0,0,5,126,0,0,0,98,3,27,0,1,-
500208,Praha 8,8003,433,301,298,4,2,3,12,6,0,0,7,0,1,0,3,130,0,0,0,95,3,32,0,0,-
500208,Praha 8,8004,483,300,294,5,1,2,14,9,0,0,11,0,0,1,7,130,0,0,0,80,1,31,2,0,-
500208,Praha 8,8005,497,371,362,5,1,3,9,5,1,1,9,0,1,0,8,159,0,0,0,122,2,35,1,0,-
500208,Praha 8,8006,375,235,232,3,3,1,8,2,0,0,6,0,0,0,6,93,0,0,0,80,5,25,0,0,-
500208,Praha 8,8007,660,481,477,3,4,2,15,14,1,0,10,1,0,0,11,196,0,0,0,167,4,48,1,0,-
500208,Praha 8,8008,402,254,247,2,2,1,16,16,0,0,5,0,0,0,11,105,1,0,1,45,6,35,1,0,-
500208,Praha 8,8009,389,254,252,1,1,2,5,12,0,0,1,0,0,0,8,114,0,1,0,77,2,28,0,0,-
500208,Praha 8,8010,361,268,267,3,1,0,17,13,3,0,6,0,2,0,3,102,0,1,0,83,2,31,0,0,-
500208,Praha 8,8011,571,397,394,6,0,3,15,14,0,0,17,0,0,0,8,155,1,0,1,130,6,38,0,0,-
500208,Praha 8,8012,336,227,225,2,1,0,4,4,1,0,6,0,0,0,3,89,0,0,1,79,4,31,0,0,-
500208,Praha 8,8013,503,381,367,5,2,3,12,21,0,0,7,0,0,0,4,152,0,0,0,115,6,40,0,0,-
500208,Praha 8,8014,812,549,548,7,2,7,23,28,0,0,10,1,0,0,14,205,2,0,0,146,11,92,0,0,-
500208,Praha 8,8015,738,464,457,2,1,1,18,12,1,0,17,0,0,0,14,192,0,0,2,110,8,77,2,0,-
500208,Praha 8,8016,319,154,153,2,0,1,1,0,0,0,2,2,0,0,3,70,0,0,0,39,1,31,0,1,-
500208,Praha 8,8017,839,524,522,5,0,5,20,25,0,0,18,1,1,0,11,196,2,1,0,160,7,68,1,1,-
500208,Praha 8,8018,421,262,259,2,1,4,15,3,0,0,7,0,0,0,4,103,1,0,0,85,1,33,0,0,-
500208,Praha 8,8019,416,250,250,0,0,1,19,7,0,0,10,2,0,0,5,105,0,2,0,64,10,25,0,0,-
500208,Praha 8,8020,637,412,406,8,0,2,14,8,0,0,14,1,0,0,12,180,0,0,1,122,4,40,0,0,-
500208,Praha 8,8021,555,364,363,4,2,0,15,7,0,1,7,1,0,0,14,151,3,1,0,115,7,31,4,0,-
500208,Praha 8,8022,3 729,851,834,11,3,9,49,25,1,0,27,0,1,0,36,325,1,1,0,234,13,92,6,0,-
500208,Praha 8,8023,683,482,479,8,5,3,15,18,1,1,13,0,0,1,14,207,0,0,0,128,8,57,0,0,-
500208,Praha 8,8024,573,379,377,5,0,7,14,14,1,0,12,0,0,0,12,140,0,0,0,119,7,45,1,0,-
500208,Praha 8,8025,781,493,491,9,0,4,14,24,1,1,8,0,0,0,16,183,1,0,0,149,9,71,0,1,-
500208,Praha 8,8026,385,208,207,1,1,4,14,6,1,0,7,0,0,0,10,68,0,0,0,51,2,37,5,0,-
500208,Praha 8,8027,755,505,503,6,0,3,27,22,0,0,18,1,1,0,21,207,2,0,2,93,19,79,2,0,-
500208,Praha 8,8028,377,209,206,4,0,5,9,8,1,0,5,0,0,0,2,87,0,0,0,46,1,36,1,1,-
500208,Praha 8,8029,260,167,166,1,0,2,7,11,0,0,8,0,0,0,5,67,0,0,0,40,4,20,1,0,-
500208,Praha 8,8030,307,167,167,2,1,1,9,8,2,1,5,0,0,0,7,53,0,0,0,51,3,23,1,0,-
500208,Praha 8,8031,574,352,352,2,2,1,12,12,0,0,11,0,1,0,14,130,0,1,1,116,7,41,1,0,-
500208,Praha 8,8032,904,601,594,4,2,4,40,11,1,2,16,1,1,0,17,243,0,0,2,143,7,99,0,1,-
500208,Praha 8,8033,459,242,241,0,0,2,13,12,0,4,10,0,0,0,4,75,1,0,0,72,6,41,1,0,-
500208,Praha 8,8034,751,504,501,6,0,9,24,20,0,0,11,1,2,0,14,199,0,0,0,130,11,74,0,0,-
500208,Praha 8,8035,508,363,356,2,3,2,10,20,1,0,13,0,0,0,8,172,0,0,0,79,4,42,0,0,-
500208,Praha 8,8036,442,338,331,2,0,2,17,8,0,0,6,0,1,0,5,167,1,0,1,68,8,45,0,0,-
500208,Praha 8,8037,410,303,303,1,0,2,9,5,1,0,15,0,0,0,7,128,0,0,3,85,7,40,0,0,-
500208,Praha 8,8038,979,722,713,5,5,5,18,27,1,0,18,0,1,0,24,313,1,1,0,178,7,108,1,0,-
500208,Praha 8,8039,568,441,435,4,2,4,20,12,0,0,12,0,1,0,14,183,3,1,2,90,18,68,1,0,-
500208,Praha 8,8040,605,475,472,3,3,10,12,14,0,0,9,0,1,0,23,191,1,1,0,114,3,87,0,0,-
500208,Praha 8,8041,1 246,980,977,14,5,8,38,30,0,0,21,1,0,0,22,382,1,2,1,276,14,159,2,1,-
500208,Praha 8,8042,994,734,734,2,1,6,35,38,2,1,17,0,0,0,22,296,0,1,0,171,14,124,3,1,-
500208,Praha 8,8043,741,463,457,1,3,6,23,24,1,2,10,1,1,0,10,147,0,2,2,104,15,104,1,0,-
500208,Praha 8,8044,410,305,302,1,1,2,16,9,0,0,16,2,0,0,11,96,1,0,0,59,17,70,1,0,-
500208,Praha 8,8045,892,591,578,8,0,4,35,29,1,0,11,0,1,0,23,189,1,1,0,109,27,138,1,0,-
500208,Praha 8,8046,994,691,689,7,4,3,24,38,1,0,9,1,1,0,28,235,0,0,0,126,27,184,0,1,-
500208,Praha 8,8047,684,480,478,3,0,2,28,22,0,0,9,2,2,0,15,142,1,1,0,102,24,123,2,0,-
500208,Praha 8,8048,447,315,311,5,1,0,18,16,0,1,8,1,0,0,13,86,0,2,2,48,18,90,2,0,-
500208,Praha 8,8049,567,405,403,4,0,4,24,25,0,0,5,2,0,0,23,112,0,1,0,79,27,97,0,0,-
500208,Praha 8,8050,580,420,415,0,1,2,32,22,0,1,4,0,0,1,20,142,0,0,0,91,20,77,1,1,-
500208,Praha 8,8051,576,420,417,5,0,1,16,17,0,0,14,2,0,0,13,134,1,0,0,85,14,113,2,0,-
500208,Praha 8,8052,576,377,374,4,1,4,25,13,0,0,12,3,1,0,15,133,0,2,1,54,10,93,3,0,-
500208,Praha 8,8053,909,590,581,6,4,2,32,48,0,2,19,0,0,0,32,138,0,0,2,88,46,160,2,0,-
500208,Praha 8,8054,934,644,630,4,2,6,27,34,1,0,16,1,0,0,38,207,3,0,1,131,18,138,2,1,-
500208,Praha 8,8055,920,710,700,4,0,8,26,25,1,0,15,1,1,1,22,309,3,0,1,152,10,119,2,0,-
500208,Praha 8,8056,836,573,557,4,1,8,26,39,0,1,13,2,1,0,22,213,3,0,1,90,22,109,2,0,-
500208,Praha 8,8057,111,93,92,1,0,2,1,17,0,1,0,0,0,0,2,13,2,0,0,6,14,32,1,0,-
500208,Praha 8,8058,808,566,563,6,1,2,28,16,3,0,11,0,1,0,20,206,0,1,2,105,24,137,0,0,-
500208,Praha 8,8059,715,522,522,4,3,5,18,24,1,0,14,1,0,0,13,191,1,0,1,100,8,137,1,0,-
500208,Praha 8,8060,711,484,484,5,5,8,32,23,2,1,5,2,1,0,19,173,2,0,0,75,25,106,0,0,-
500208,Praha 8,8061,516,356,355,5,0,3,22,18,0,0,7,0,0,1,13,130,1,1,1,64,13,76,0,0,-
500208,Praha 8,8062,666,473,471,6,2,4,22,28,0,0,6,0,1,0,18,141,1,0,1,106,22,113,0,0,-
500208,Praha 8,8063,560,412,408,6,1,3,17,26,0,0,18,1,1,0,11,132,0,0,0,84,17,91,0,0,-
500208,Praha 8,8064,938,701,694,3,0,5,34,25,1,2,20,0,2,0,18,320,2,0,0,138,7,116,1,0,-
500208,Praha 8,8065,708,539,537,5,0,3,18,16,1,0,17,1,0,0,22,227,0,0,1,144,10,67,5,0,-
500208,Praha 8,8066,579,431,426,10,0,1,14,15,0,0,12,0,0,1,11,168,0,0,0,117,11,66,0,0,-
500208,Praha 8,8067,461,347,341,5,1,0,9,16,0,0,13,0,0,0,5,136,0,0,1,89,10,56,0,0,-
500208,Praha 8,8068,524,365,362,0,0,5,12,14,0,0,11,0,1,0,11,176,1,0,0,81,5,45,0,0,-
500208,Praha 8,8069,829,596,591,3,2,1,17,17,0,0,15,0,1,0,23,239,3,0,4,150,17,96,3,0,-
500208,Praha 8,8070,727,550,534,7,1,3,14,21,1,0,19,1,0,0,14,262,0,0,0,108,12,71,0,0,-
500208,Praha 8,8071,631,450,447,4,1,5,23,17,0,0,8,0,0,0,18,167,1,0,1,91,6,105,0,0,-
500208,Praha 8,8072,499,370,366,6,0,2,15,17,1,0,14,0,0,0,16,137,0,0,2,78,6,71,0,1,-
500208,Praha 8,8073,751,563,560,4,3,1,27,36,1,0,13,0,2,0,13,189,1,1,2,116,13,138,0,0,-
500208,Praha 8,8074,774,564,561,8,2,4,19,35,1,2,24,1,1,0,22,203,2,1,1,97,15,123,0,0,-
500208,Praha 8,8075,997,708,705,5,6,10,44,36,2,0,17,1,1,1,22,233,0,0,0,147,12,165,3,0,-
500208,Praha 8,8076,81,38,36,1,1,0,1,4,2,0,1,0,0,0,0,9,1,0,0,5,0,10,0,1,-
500208,Praha 8,8077,1 213,939,919,7,1,3,30,54,2,0,23,1,0,0,33,372,1,1,0,190,28,173,0,0,-
500208,Praha 8,8078,1 083,723,721,3,3,5,43,25,1,2,19,3,0,0,28,271,2,0,1,146,29,138,1,1,-
500208,Praha 8,8079,380,241,240,3,0,0,2,32,0,1,1,1,0,0,8,66,0,0,2,27,25,71,1,0,-
500208,Praha 8,8080,875,599,595,4,0,1,21,43,1,0,11,0,1,1,27,195,1,0,0,110,21,157,1,0,-
500208,Praha 8,8081,751,558,551,5,4,1,29,30,2,0,21,2,0,0,19,189,0,1,1,117,14,113,3,0,-
500208,Praha 8,8082,859,601,591,7,0,1,44,31,1,0,14,0,0,0,28,182,0,0,1,129,23,129,0,1,-
500208,Praha 8,8083,715,484,477,4,1,1,30,19,1,0,13,1,0,0,26,155,1,0,1,56,9,158,1,0,-
500208,Praha 8,8084,642,446,444,5,3,2,21,26,0,0,14,0,0,0,20,132,0,0,1,90,14,115,1,0,-
500208,Praha 8,8085,799,589,581,6,0,3,35,10,0,1,9,0,1,2,23,274,1,1,0,112,10,92,0,1,-
500208,Praha 8,8086,561,419,417,1,2,5,25,23,0,0,6,0,1,1,17,126,2,0,1,64,26,114,3,0,-
500208,Praha 8,8087,885,627,627,4,2,2,31,31,0,0,12,1,0,0,27,215,1,0,0,141,32,125,2,1,-
500208,Praha 8,8088,1 240,953,951,6,4,4,33,52,0,3,29,0,0,0,36,360,0,0,5,218,27,171,2,1,-
500208,Praha 8,8089,805,545,545,2,1,1,22,41,1,2,19,0,0,0,24,173,3,2,3,93,29,124,5,0,-
500208,Praha 8,8090,713,483,478,4,1,2,23,26,1,0,14,0,1,0,18,155,1,1,1,75,19,133,3,0,-
500208,Praha 8,8091,1 290,939,934,10,1,5,46,50,0,1,25,1,1,0,35,352,1,0,1,179,25,198,2,1,-
500208,Praha 8,8092,1 463,1 063,1 058,15,2,9,48,58,1,2,30,1,6,0,31,428,1,1,2,205,27,189,2,0,-
500208,Praha 8,8093,1 091,802,793,6,1,5,41,46,0,1,19,3,1,0,43,247,0,2,0,159,12,204,2,1,-
500208,Praha 8,8094,1 120,830,823,13,0,4,49,32,1,0,12,1,6,0,36,297,1,1,2,176,22,163,3,4,-
500208,Praha 8,8095,798,514,508,7,0,1,36,28,0,1,14,1,2,0,32,144,0,0,0,93,28,120,0,1,-
500208,Praha 8,8096,710,529,525,6,0,2,25,22,1,0,8,0,0,2,26,167,2,1,3,140,21,99,0,0,-
500208,Praha 8,8097,598,432,430,3,2,2,23,22,3,0,11,0,0,0,25,147,0,0,1,69,22,100,0,0,-
500208,Praha 8,8098,548,419,415,4,4,2,15,23,0,0,14,0,0,0,11,157,0,0,0,88,10,86,1,0,-
500208,Praha 8,8099,988,594,588,2,1,2,37,32,1,0,17,1,1,0,20,203,3,0,3,99,29,134,1,2,-
500208,Praha 8,8100,504,345,335,1,0,4,29,18,1,1,9,1,1,0,12,95,2,1,0,60,5,92,2,1,-
500208,Praha 8,8101,657,446,445,2,1,1,24,19,0,0,13,1,0,0,26,153,0,0,0,92,15,96,2,0,-
500208,Praha 8,8102,622,432,428,2,0,0,22,20,0,0,10,2,1,0,12,163,0,0,2,81,19,94,0,0,-
500208,Praha 8,8103,579,426,417,7,1,3,27,19,0,0,11,0,0,1,15,125,0,0,0,69,25,111,3,0,-
500208,Praha 8,8104,920,669,664,7,0,3,37,27,0,0,15,0,1,0,31,219,2,1,0,126,21,170,4,0,-
500208,Praha 8,8105,922,688,679,3,2,4,22,40,1,0,20,1,0,0,31,214,4,0,1,159,20,157,0,0,-
500208,Praha 8,8106,800,527,523,5,0,4,33,43,0,1,17,0,2,0,22,139,1,0,1,97,23,134,1,0,-
500208,Praha 8,8107,986,694,692,7,0,8,36,23,0,2,19,0,0,0,19,259,1,0,1,168,17,129,2,1,-
500208,Praha 8,8108,432,312,308,2,1,1,10,14,0,0,15,0,0,0,12,124,0,1,1,66,9,51,1,0,-
500216,Praha 9,9001,728,515,507,4,2,4,30,24,1,0,13,2,1,0,8,199,1,1,1,106,13,95,2,0,-
500216,Praha 9,9002,641,355,352,0,2,4,19,15,0,0,9,1,1,0,16,113,1,0,0,73,11,87,0,0,-
500216,Praha 9,9003,1 622,1 125,1 116,16,4,5,48,32,1,3,25,5,0,0,36,522,2,2,3,298,10,100,3,1,-
500216,Praha 9,9004,1 294,999,994,2,1,6,26,14,0,1,29,1,3,0,24,523,0,0,0,277,5,80,2,0,-
500216,Praha 9,9005,926,642,634,8,2,2,34,20,2,1,16,0,0,0,22,263,0,0,1,173,4,86,0,0,-
500216,Praha 9,9006,1 614,1 088,1 081,7,4,5,49,23,1,0,37,1,1,0,22,486,0,1,0,295,10,134,5,0,-
500216,Praha 9,9007,771,567,559,2,2,2,21,20,0,0,13,0,2,0,16,248,0,1,3,138,7,83,1,0,-
500216,Praha 9,9008,896,574,573,9,0,1,33,18,0,1,5,1,0,0,9,214,1,0,2,147,16,114,1,1,-
500216,Praha 9,9009,1 272,833,821,9,2,9,50,23,0,1,26,0,0,0,35,328,2,1,2,177,13,137,5,1,-
500216,Praha 9,9010,1 901,607,600,6,2,10,33,21,0,0,23,0,0,0,9,269,1,0,2,131,10,82,1,0,-
500216,Praha 9,9011,693,421,419,4,0,0,30,15,0,0,15,1,2,0,16,159,1,1,1,96,6,70,1,1,-
500216,Praha 9,9012,814,517,514,4,0,4,33,13,0,0,11,0,3,1,12,194,1,0,1,130,9,97,0,1,-
500216,Praha 9,9013,985,705,694,10,1,2,35,24,0,2,10,3,0,0,21,288,1,0,0,190,10,88,7,2,-
500216,Praha 9,9014,498,300,297,4,0,0,17,15,0,1,8,1,0,0,3,123,0,0,0,73,8,44,0,0,-
500216,Praha 9,9015,629,419,416,3,3,3,30,19,0,0,10,1,2,0,9,164,0,1,1,74,11,85,0,0,-
500216,Praha 9,9016,761,560,555,3,0,8,26,25,1,0,12,0,0,0,22,217,0,0,1,132,11,95,1,1,-
500216,Praha 9,9017,1 479,1 135,1 124,8,5,12,49,43,0,0,50,0,2,0,26,526,3,0,1,250,8,139,2,0,-
500216,Praha 9,9018,1 476,1 106,1 089,2,0,5,35,17,0,0,42,0,4,0,26,599,2,0,2,232,14,104,5,0,-
500216,Praha 9,9019,1 158,807,793,8,2,4,49,44,1,0,25,1,1,0,19,293,2,0,0,149,22,171,1,1,-
500216,Praha 9,9020,459,335,334,4,0,1,18,18,5,3,7,0,1,0,16,123,0,0,0,63,10,65,0,0,-
500216,Praha 9,9021,590,376,372,1,0,7,16,23,2,0,12,0,0,0,17,125,0,0,2,52,15,97,3,0,-
500216,Praha 9,9022,873,602,592,1,2,2,33,29,1,1,16,0,0,0,16,218,1,0,2,126,13,130,1,0,-
500216,Praha 9,9023,982,646,640,6,0,9,37,28,1,2,17,1,1,0,30,235,1,2,1,104,19,145,0,1,-
500216,Praha 9,9024,1 676,1 237,1 235,6,1,12,49,39,1,0,29,0,0,0,44,551,1,0,1,284,16,201,0,0,-
500216,Praha 9,9025,687,471,468,4,0,9,32,33,0,2,12,1,1,0,13,168,0,1,0,70,15,103,4,0,-
500216,Praha 9,9026,614,422,419,3,0,4,15,19,1,0,12,2,0,0,14,158,1,0,0,81,11,97,1,0,-
500216,Praha 9,9027,733,480,477,9,2,3,32,39,0,0,21,3,1,0,24,151,1,1,0,80,13,95,1,1,-
500216,Praha 9,9028,657,416,413,6,1,4,14,15,1,0,10,0,1,0,12,168,0,1,0,80,12,85,2,1,-
500216,Praha 9,9029,639,443,442,1,1,3,15,25,1,0,10,0,0,0,14,148,1,0,1,97,16,108,1,0,-
500216,Praha 9,9030,942,595,587,6,2,5,27,35,0,0,10,3,0,0,35,214,0,0,1,89,14,142,4,0,-
500216,Praha 9,9031,834,561,554,3,2,5,17,27,1,1,4,2,1,0,29,203,0,0,2,97,19,140,0,1,-
500216,Praha 9,9032,830,612,604,8,2,1,26,26,0,0,10,1,1,0,13,231,1,0,0,102,18,163,1,0,-
500216,Praha 9,9033,1 001,623,616,1,3,1,43,25,2,0,12,1,0,0,29,214,2,1,1,118,15,148,0,0,-
500216,Praha 9,9034,1 679,1 232,1 222,14,5,9,62,47,0,1,31,2,4,0,35,540,0,2,0,236,16,217,1,0,-
500216,Praha 9,9035,843,547,543,4,2,7,25,13,0,0,8,2,1,0,24,181,2,1,1,104,8,159,1,0,-
500216,Praha 9,9036,725,517,515,5,0,5,27,28,0,0,13,0,0,0,22,171,1,1,0,113,12,116,1,0,-
500216,Praha 9,9037,821,567,561,9,1,5,31,26,2,0,12,0,0,0,25,214,1,0,0,97,13,123,2,0,-
500216,Praha 9,9038,715,517,513,2,1,4,23,34,1,1,15,9,0,0,1,202,0,0,1,116,8,95,0,0,-
500216,Praha 9,9039,725,495,489,2,0,4,30,24,0,1,14,2,0,0,24,165,1,0,0,77,6,139,0,0,-
500216,Praha 9,9040,794,549,548,5,1,6,40,13,0,1,18,0,0,0,29,193,0,0,1,107,13,120,1,0,-
500216,Praha 9,9041,980,687,675,0,1,3,26,16,3,2,23,2,0,0,24,292,1,1,1,136,16,126,2,0,-
500216,Praha 9,9042,659,513,508,6,1,1,28,15,0,0,16,2,1,1,15,207,0,0,1,100,7,107,0,0,-
538060,Praha-Bìchovice,23001,1 121,786,778,2,3,7,33,24,0,0,20,3,2,0,31,375,0,2,2,113,13,144,4,0,-
538060,Praha-Bìchovice,23002,417,335,332,1,0,2,16,17,0,0,6,0,0,0,7,133,1,1,2,65,11,69,1,0,-
538078,Praha-Benice,N/A,495,394,391,5,2,1,13,14,0,0,14,0,2,0,13,168,0,1,0,80,4,74,0,0,-
538124,Praha-Bøezinìves,N/A,1 080,857,854,5,3,4,37,28,1,0,27,0,3,1,29,374,2,0,1,159,20,159,1,0,-
547310,Praha-Èakovice,26001,1 096,840,836,1,0,7,53,42,0,2,32,2,0,0,30,284,5,0,0,142,21,210,3,2,-
547310,Praha-Èakovice,26002,1 302,773,768,6,3,4,42,29,0,2,23,1,1,0,25,295,0,1,1,119,23,192,0,1,-
547310,Praha-Èakovice,26003,1 398,1 001,988,12,3,12,44,41,2,0,27,4,5,1,32,385,2,0,0,186,25,199,8,0,-
547310,Praha-Èakovice,26004,831,656,650,5,2,4,25,24,0,0,7,1,2,1,22,283,0,1,0,122,11,140,0,0,-
547310,Praha-Èakovice,26005,1 228,907,897,7,2,11,53,32,0,1,28,0,0,1,42,385,0,0,0,123,25,179,6,2,-
547310,Praha-Èakovice,26006,1 668,1 373,1 369,8,1,11,54,38,0,2,26,1,8,0,51,630,1,1,0,361,9,160,5,2,-
547298,Praha-Ïáblice,27001,1 055,841,837,6,1,2,34,20,1,3,18,0,4,1,30,359,4,0,1,188,18,144,3,0,-
547298,Praha-Ïáblice,27002,1 501,1 103,1 094,6,4,10,45,36,0,0,28,3,1,1,40,485,1,3,1,225,23,181,1,0,-
547301,Praha-Dolní Chabry,28001,953,753,748,8,3,5,26,21,1,2,19,0,3,1,25,343,0,1,0,160,5,122,2,1,-
547301,Praha-Dolní Chabry,28002,953,753,750,5,5,3,27,15,0,0,32,0,0,0,33,352,0,0,0,171,15,91,0,1,-
547301,Praha-Dolní Chabry,28003,1 291,999,997,2,2,8,35,18,0,1,17,2,1,0,28,503,2,1,0,228,14,135,0,0,-
547379,Praha-Dolní Mìcholupy,29001,900,701,695,3,3,4,42,24,2,2,23,0,0,0,20,339,0,2,1,120,17,91,2,0,-
547379,Praha-Dolní Mìcholupy,29002,1 145,898,892,11,2,6,40,28,1,0,18,1,0,0,37,406,0,2,5,169,16,146,1,3,-
538175,Praha-Dolní Poèernice,30001,915,760,758,5,0,7,31,25,1,0,22,0,1,0,28,364,1,0,2,135,10,125,1,0,-
538175,Praha-Dolní Poèernice,30002,968,713,712,3,1,0,35,21,1,0,22,0,0,0,29,337,3,0,0,135,7,117,0,1,-
538205,Praha-Dubeè,31001,1 705,1 273,1 262,16,3,8,79,60,2,0,29,5,6,0,53,520,1,0,2,196,33,241,5,3,-
538205,Praha-Dubeè,31002,1 004,822,818,4,1,5,42,39,0,1,23,0,1,0,10,390,0,0,1,132,26,142,1,0,-
538302,Praha-Klánovice,32001,1 220,936,923,8,3,10,51,27,2,0,17,1,1,1,21,449,3,0,0,156,14,156,2,1,-
538302,Praha-Klánovice,32002,1 340,1 052,1 038,8,6,3,44,40,0,0,29,1,1,0,23,491,1,0,0,213,12,163,3,0,-
538353,Praha-Kolodìje,N/A,1 072,880,873,7,2,6,58,27,0,1,24,5,1,0,22,402,1,0,1,143,9,161,2,1,-
538361,Praha-Kolovraty,34001,1 075,909,907,5,2,5,43,23,0,1,26,0,2,0,29,424,1,2,0,211,7,124,2,0,-
538361,Praha-Kolovraty,34002,1 396,1 097,1 082,13,2,15,36,50,2,1,28,1,1,0,29,438,1,1,1,297,18,143,3,2,-
538361,Praha-Kolovraty,34003,187,164,164,2,2,1,6,6,0,0,7,0,0,0,6,62,1,0,0,38,5,28,0,0,-
538388,Praha-Královice,N/A,277,216,213,3,2,2,13,10,0,0,1,0,1,0,9,83,1,0,0,27,5,55,1,0,-
538400,Praha-Køeslice,N/A,798,676,673,7,2,8,33,26,0,0,24,0,2,0,17,307,1,0,2,132,9,100,3,0,-
547042,Praha-Kunratice,37001,1 018,800,796,3,2,2,36,24,2,0,10,1,0,0,26,359,0,0,2,154,21,147,7,0,-
547042,Praha-Kunratice,37002,1 194,870,859,9,1,6,30,24,1,1,20,1,0,0,37,411,1,1,1,140,18,151,6,0,-
547042,Praha-Kunratice,37003,927,739,735,9,1,4,28,18,1,1,14,2,0,0,21,324,2,0,1,120,18,165,5,1,-
547042,Praha-Kunratice,37004,1 021,811,804,7,0,3,34,23,0,1,29,3,2,0,22,396,0,0,0,199,6,78,1,0,-
547042,Praha-Kunratice,37005,1 099,846,817,4,3,10,32,39,0,1,23,2,1,1,23,365,0,0,0,169,15,125,2,2,-
547042,Praha-Kunratice,37006,732,538,526,3,0,4,25,16,0,2,14,2,1,0,15,206,1,0,1,139,5,91,1,0,-
547051,Praha-Libuš,38001,1 229,806,793,6,1,8,36,17,0,1,21,1,1,0,37,350,2,1,5,144,11,150,0,1,-
547051,Praha-Libuš,38002,1 184,910,897,3,5,6,53,24,1,1,25,1,0,0,29,390,1,1,3,181,12,160,1,0,-
547051,Praha-Libuš,38003,761,493,482,0,2,6,29,25,3,1,18,2,1,0,15,166,0,2,0,122,13,76,1,0,-
547051,Praha-Libuš,38004,774,534,531,4,0,4,20,37,1,0,14,0,0,0,28,190,0,1,2,111,13,99,6,1,-
547051,Praha-Libuš,38005,1 190,881,863,4,0,5,52,30,1,0,15,0,0,0,34,323,1,0,2,158,24,210,4,0,-
547051,Praha-Libuš,38006,1 055,781,772,4,4,8,38,28,0,1,17,2,0,1,23,331,3,0,3,157,15,134,2,1,-
539449,Praha-Lipence,N/A,2 038,1 595,1 582,8,2,5,82,46,0,0,41,1,0,0,76,787,1,4,1,256,20,244,5,3,-
539465,Praha-Lochkov,N/A,602,459,454,4,0,2,21,13,0,1,11,0,0,0,25,201,3,0,1,78,6,86,0,2,-
547140,Praha-Lysolaje,N/A,890,716,708,8,3,1,19,18,2,0,19,1,0,1,22,283,1,1,1,204,7,117,0,0,-
547158,Praha-Nebušice,42001,864,666,663,9,4,0,16,31,1,1,16,0,0,0,24,240,3,0,0,172,16,129,1,0,-
547158,Praha-Nebušice,42002,835,610,602,3,0,3,30,22,0,0,12,2,0,1,20,252,3,3,1,126,16,103,5,0,-
538531,Praha-Nedvìzí,N/A,224,181,181,2,0,3,7,4,2,0,6,0,0,0,6,75,0,0,2,32,3,37,2,0,-
547395,Praha-Petrovice,44001,1 462,1 005,991,5,0,8,51,47,2,0,25,0,0,0,28,391,3,0,1,200,22,206,2,0,-
547395,Praha-Petrovice,44002,857,580,580,6,0,0,53,38,1,0,21,2,0,0,35,166,1,0,2,95,30,126,4,0,-
547395,Praha-Petrovice,44003,830,649,637,5,2,2,37,37,2,1,12,2,0,1,20,223,1,0,0,154,10,124,1,3,-
547395,Praha-Petrovice,44004,1 183,859,848,12,2,10,44,45,0,0,29,2,3,0,46,296,1,1,1,221,11,121,3,0,-
539589,Praha-Pøední Kopanina,N/A,408,345,341,2,1,3,12,7,0,1,10,0,2,0,12,148,0,0,1,71,8,62,1,0,-
539635,Praha-Øeporyje,46001,1 164,924,914,10,0,13,34,26,0,0,19,1,2,0,37,421,1,0,0,186,14,150,0,0,-
539635,Praha-Øeporyje,46002,1 082,799,787,3,2,1,27,28,0,0,27,2,0,0,32,348,2,0,1,185,11,117,1,0,-
539635,Praha-Øeporyje,46003,1 095,808,799,7,2,9,22,23,0,1,24,0,1,0,40,398,4,0,0,139,6,121,2,0,-
538736,Praha-Satalice,N/A,1 632,1 298,1 278,9,4,9,71,46,2,0,32,4,0,0,44,529,2,0,2,278,25,218,2,1,-
539678,Praha-Slivenec,48001,1 310,1 059,1 039,6,3,5,39,26,0,0,21,0,3,0,25,496,1,0,2,255,9,147,1,0,-
539678,Praha-Slivenec,48002,1 251,936,925,6,4,4,45,31,1,0,29,1,2,0,29,383,0,0,0,223,6,159,1,1,-
547271,Praha-Suchdol,49001,805,656,647,10,2,6,22,24,1,0,8,0,2,0,24,249,0,0,3,157,27,111,1,0,-
547271,Praha-Suchdol,49002,974,738,732,3,7,2,27,38,0,0,16,0,1,0,16,291,0,0,3,196,11,118,2,1,-
547271,Praha-Suchdol,49003,966,762,756,2,1,6,18,32,0,0,12,2,0,2,18,335,2,0,1,205,15,102,3,0,-
547271,Praha-Suchdol,49004,939,671,663,5,3,5,25,32,1,0,13,1,2,0,26,286,0,1,3,131,11,116,2,0,-
547271,Praha-Suchdol,49005,790,604,596,8,0,2,26,27,1,1,11,1,0,0,23,219,1,0,0,167,12,93,3,1,-
539724,Praha-Šeberov,50001,1 151,849,841,4,2,5,26,31,1,0,30,3,1,1,18,409,0,1,6,131,10,159,3,0,-
539724,Praha-Šeberov,50002,1 058,854,849,5,2,3,44,15,0,0,25,2,0,0,25,389,1,0,0,143,17,176,2,0,-
547409,Praha-Štìrboholy,N/A,1 396,1 102,1 097,5,4,6,44,31,2,2,25,2,0,2,37,535,2,1,0,184,16,195,3,1,-
547328,Praha-Troja,N/A,891,756,743,8,0,3,16,21,1,1,15,1,0,0,12,376,1,1,0,172,13,101,1,0,-
539791,Praha-Újezd,53001,611,480,477,11,0,3,16,13,0,0,13,1,0,0,17,220,0,0,1,72,9,96,4,1,-
539791,Praha-Újezd,53002,678,517,509,3,1,6,15,8,0,0,16,0,0,0,28,254,0,0,4,87,7,78,2,0,-
539791,Praha-Újezd,53003,944,749,743,4,3,10,30,21,0,0,16,1,2,0,25,340,0,2,3,178,8,95,5,0,-
547115,Praha-Velká Chuchle,54001,955,713,706,3,1,5,32,27,1,1,12,5,0,0,15,356,0,0,2,135,5,104,1,1,-
547115,Praha-Velká Chuchle,54002,714,561,561,8,4,1,18,18,0,0,14,2,0,0,22,266,1,0,1,116,8,82,0,0,-
547115,Praha-Velká Chuchle,54003,119,91,91,0,2,0,4,1,0,0,3,0,0,0,2,44,0,0,0,23,0,12,0,0,-
539007,Praha-Vinoø,55001,1 002,799,791,1,0,9,38,23,2,2,13,0,1,1,26,374,1,1,0,164,14,119,1,1,-
539007,Praha-Vinoø,55002,934,732,722,7,4,8,40,33,0,0,13,1,0,1,24,264,3,1,0,149,11,162,1,0,-
539007,Praha-Vinoø,55003,1 128,787,783,15,1,5,61,27,1,1,12,2,1,1,20,264,0,3,0,206,13,147,3,0,-
539864,Praha-Zbraslav,56001,859,511,506,5,2,6,28,19,0,2,16,2,0,0,31,222,1,0,2,98,8,63,0,1,-
539864,Praha-Zbraslav,56002,799,636,621,6,0,3,17,11,0,0,12,1,4,0,30,276,0,2,0,141,4,114,0,0,-
539864,Praha-Zbraslav,56003,692,505,499,1,2,2,16,22,0,2,8,0,0,1,19,202,1,0,0,113,11,98,1,0,-
539864,Praha-Zbraslav,56004,1 104,914,894,4,1,2,19,27,0,0,22,3,3,0,37,436,0,0,1,215,13,110,1,0,-
539864,Praha-Zbraslav,56005,782,609,603,8,1,3,34,16,1,0,19,0,0,0,45,240,1,0,2,125,20,87,1,0,-
539864,Praha-Zbraslav,56006,555,417,412,1,0,2,19,15,0,1,8,0,0,0,22,145,0,0,0,94,15,88,2,0,-
539864,Praha-Zbraslav,56007,563,442,439,4,1,1,21,25,0,0,12,0,0,0,20,141,0,1,1,75,33,103,1,0,-
539864,Praha-Zbraslav,56008,1 206,968,965,9,1,11,28,33,0,0,31,2,2,0,44,447,1,1,3,217,13,121,1,0,-
539864,Praha-Zbraslav,56009,425,317,315,6,0,4,13,14,0,0,7,0,0,0,19,111,0,0,0,78,12,49,2,0,-
539864,Praha-Zbraslav,56010,206,142,140,3,0,1,9,6,0,0,1,0,0,0,8,50,0,0,2,18,5,37,0,0,-
539899,Praha-Zlièín,57001,1 378,978,969,7,3,3,56,27,0,1,39,0,1,1,59,412,3,0,1,184,14,156,2,0,-
539899,Praha-Zlièín,57002,973,717,714,4,3,8,45,34,0,0,18,1,0,1,45,259,0,0,0,127,31,137,1,0,-
539899,Praha-Zlièín,57003,1 169,887,876,8,2,4,32,23,0,1,25,0,3,1,33,425,0,0,1,202,10,102,4,0,-
539899,Praha-Zlièín,57004,416,333,332,3,2,1,13,7,1,0,8,0,0,0,14,143,2,0,0,69,3,65,1,0,-
539899,Praha-Zlièín,57005,532,360,358,3,1,7,19,12,0,0,9,0,0,0,25,110,0,0,0,74,7,90,1,0,-
